vintage,loan_age,at_risk,cohort_size,defaults,prepayments,censored,hazard_default,hazard_prepay,survival,survival_entering,cif_default,cif_prepay,naive_default,naive_prepay,naive_censored,not_yet_exited_share,km_default,split
2000,0,39023,49995,0,63,27,0.0,0.001614432514158317,0.9983855674858417,1.0,0.0,0.001614432514158317,0.0,0.0012601260126012602,0.00054005400540054,0.9981998199819982,0.0,train
2000,1,45898,49995,0,184,5,0.0,0.004008889276221186,0.9943831502908137,0.9983855674858417,0.0,0.005616849709186312,0.0,0.00494049404940494,0.0006400640064006401,0.9944194419441944,0.0,train
2000,2,46868,49995,0,309,4,0.0,0.006592984552359819,0.9878271975418195,0.9943831502908137,0.0,0.012172802458180539,0.0,0.011121112111211121,0.00072007200720072,0.9881588158815882,0.0,train
2000,3,47057,49995,22,451,7,0.0004675181163270077,0.009584121384703657,0.9778979146628156,0.9878271975418195,0.00046182711065133835,0.021640258226532975,0.00044004400440044003,0.02014201420142014,0.0008600860086008601,0.9785578557855785,0.0004675181163270592,train
2000,4,46873,49995,24,545,2,0.0005120218462654406,0.011627162758944381,0.966027031351674,0.9778979146628156,0.0009625322063761175,0.033010436441949835,0.00092009200920092,0.031043104310431044,0.0009000900090009,0.9671367136713671,0.0009793005831033597,train
2000,5,46581,49995,25,695,5,0.0005366995126768425,0.01492024645241622,0.9510952037272519,0.966027031351674,0.0014809984433352178,0.04742379782941282,0.00142014201420142,0.04494449444944494,0.001000100010001,0.9526352635263526,0.0015154745056344954,train
2000,6,46123,49995,26,884,3,0.0005637100795698459,0.01916614270537476,0.9323302353732462,0.9510952037272519,0.0020171403963068057,0.06565262423044681,0.0019401940194019402,0.06262626262626263,0.00106010601060106,0.9343734373437343,0.0020783302969502593,train
2000,7,45448,49995,29,1071,5,0.0006380918852314733,0.023565393416651998,0.9097645942248883,0.9323302353732462,0.0026120527538544235,0.08762335302125711,0.0025202520252025204,0.08404840484048405,0.00116011601160116,0.9122712271227122,0.002715096016484342,train
2000,8,44538,49995,39,1196,1,0.0008756567425569177,0.026853473438412143,0.8845376133575898,0.9097645942248883,0.003408694254927005,0.11205369238748294,0.0033003300330033004,0.10797079707970797,0.0011801180118011802,0.8875487548754876,0.003588375266907806,train
2000,9,43447,49995,32,1404,5,0.0007365295647570603,0.032315234653716024,0.8553020847185239,0.8845376133575898,0.00406018235830452,0.1406377329231714,0.00394039403940394,0.13605360536053607,0.0012801280128012802,0.8587258725872587,0.004322261887191425,train
2000,10,42111,49995,34,1682,1,0.0008073899931134383,0.03994205789461186,0.8204489969890236,0.8553020847185239,0.004750744702595318,0.1748002583083809,0.0046204620462046205,0.1696969696969697,0.0013001300130013002,0.8243824382438244,0.005126162129309608,train
2000,11,40460,49995,47,1903,3,0.0011616411270390509,0.047034107760751356,0.7809068431549011,0.8204489969890236,0.0057038120001357065,0.213389344844963,0.0055605560556055604,0.20776077607760776,0.0013601360136013601,0.7853185318531853,0.006281848495595432,train
2000,12,38568,49995,45,2026,0,0.0011667703795892968,0.052530595312175896,0.7389742028268105,0.7809068431549011,0.00661495097394743,0.2544108461992419,0.00646064606460646,0.24828482848284827,0.0013601360136013601,0.7438943894389438,0.007441289400431095,train
2000,13,36537,49995,33,1928,2,0.000903194022497742,0.05276842652653475,0.6993122598171662,0.7389742028268105,0.007282388056720639,0.2934053521261131,0.0071207120712071205,0.28684868486848686,0.0014001400140014,0.7046304630463046,0.008337762494822654,train
2000,14,34624,49995,34,1848,1,0.0009819778188539742,0.05337338262476895,0.6613008898721595,0.6993122598171662,0.007969097184313744,0.3307300129435265,0.007800780078007801,0.32381238123812384,0.00142014201420142,0.666966696669667,0.009311552815847834,train
2000,15,32789,49995,42,1708,2,0.0012809173808289364,0.05209064015371009,0.6260062313807057,0.6613008898721595,0.008816168988108636,0.3651775996311854,0.00864086408640864,0.35797579757975795,0.00146014601460146,0.6319231923192319,0.01058054286683241,train
2000,16,31088,49995,33,1547,1,0.0010615028306742152,0.04976196603190942,0.594190423172345,0.6260062313807057,0.009480676374738952,0.3963289004529157,0.0093009300930093,0.38891889188918893,0.00148014801480148,0.6003000300030004,0.011630814421303426,train
2000,17,29545,49995,38,1557,1,0.0012861736334405145,0.05269927229649687,0.5621127882100878,0.594190423172345,0.010244908430266084,0.4276423033596458,0.010061006100610061,0.42006200620062006,0.0015001500150015,0.5683768376837683,0.012902028807899812,train
2000,18,27963,49995,43,1454,2,0.0015377463076207845,0.05199728212280513,0.5320200641121547,0.5621127882100878,0.01110929529480257,0.4568706405930424,0.010921092109210922,0.44914491449144917,0.0015401540154015402,0.5383938393839384,0.014419935068360479,train
2000,19,26482,49995,38,1422,2,0.0014349369382977116,0.05369685069103542,0.5026888469229792,0.5320200641121547,0.011872710536712617,0.4854384425403079,0.01168116811681168,0.4775877587758776,0.0015801580158015802,0.5091509150915092,0.015834180309180712,train
2000,20,25052,49995,43,1398,0,0.001716429825961999,0.05580392783011336,0.47377400465824937,0.5026888469229792,0.012735540666749664,0.5134904546750008,0.012541254125412541,0.5055505550555055,0.0015801580158015802,0.4803280328032803,0.017523431875790307,train
2000,21,23625,49995,33,1393,1,0.0013968253968253967,0.05896296296296296,0.445177106006708,0.47377400465824937,0.01339732022881198,0.5414255737644798,0.013201320132013201,0.5334133413341334,0.0016001600160016002,0.4517851785178518,0.018895780097932025,train
2000,22,22212,49995,39,1393,0,0.0017558076715289033,0.06271384837025032,0.41647669110478086,0.445177106006708,0.014178965606727593,0.5693443432884913,0.01398139813981398,0.5612761276127612,0.0016001600160016002,0.4231423142314231,0.02061841041380552,train
2000,23,20790,49995,26,1218,0,0.0012506012506012505,0.05858585858585859,0.3915562003046679,0.41647669110478086,0.014699811877469503,0.5937439878178623,0.014501450145014501,0.5856385638563857,0.0016001600160016002,0.39825982598259824,0.021843226254557924,train
2000,24,19550,49995,33,1186,0,0.0016879795396419438,0.06066496163682864,0.36714151957978863,0.3915562003046679,0.015360750732203726,0.6174977296880074,0.015161516151615161,0.6093609360936093,0.0016001600160016002,0.3738773877387739,0.02349433487520236,train
2000,25,18352,49995,23,1055,1,0.0012532693984306888,0.057486922406277244,0.34557555630019987,0.36714151957978863,0.015820877963586416,0.6386035657362135,0.015621562156215622,0.6304630463046305,0.0016201620162016202,0.35229522952295234,0.024718159542697515,train
2000,26,17290,49995,32,992,0,0.0018507807981492192,0.05737420474262579,0.32510884897507525,0.34557555630019987,0.01646046256749656,0.6584306884574279,0.016261626162616262,0.6503050305030503,0.0016201620162016202,0.33181318131813187,0.026523192445799593,train
2000,27,16280,49995,25,984,0,0.0015356265356265355,0.06044226044226044,0.3049592894777871,0.32510884897507525,0.016959708342949683,0.6780810021792629,0.01676167616761676,0.66998699869987,0.0016201620162016202,0.31163116311631167,0.028018089263296853,train
2000,28,15287,49995,24,975,0,0.0015699614051154576,0.06377968208281547,0.285030308632081,0.3049592894777871,0.01743848265756124,0.6975312087103575,0.01724172417241724,0.6894889488948895,0.0016201620162016202,0.2916491649164916,0.029544063349623895,train
2000,29,14301,49995,39,951,2,0.0027270820222362073,0.06649884623452905,0.2652988209357129,0.285030308632081,0.018215783688024227,0.7164853953762625,0.01802180218021802,0.7085108510851085,0.0016601660166016602,0.27180718071807186,0.032190576287835615,train
2000,30,13321,49995,34,919,2,0.002552360933863824,0.06898881465355454,0.24631903140401598,0.2652988209357129,0.018892922034380675,0.734788046561603,0.0187018701870187,0.7268926892689269,0.0017001700170017002,0.2527052705270527,0.03466077525234379,train
2000,31,12388,49995,15,864,1,0.0012108492089118502,0.06974491443332256,0.22884127643112862,0.24631903140401598,0.019191177238696167,0.7519675463301748,0.019001900190019003,0.7441744174417442,0.0017201720172017201,0.23510351035103505,0.035829655488961,train
2000,32,11537,49995,26,821,0,0.002253618791713617,0.07116234723064921,0.21204067305614674,0.22884127643112862,0.019706898239581088,0.7682524287042718,0.019521952195219523,0.7605960596059606,0.0017201720172017201,0.21816181618161812,0.03800252789576408,train
2000,33,10705,49995,24,727,1,0.002241943017281644,0.06791219056515647,0.19716514335365573,0.21204067305614674,0.020182281345919015,0.7826525753004249,0.020002000200020003,0.7751375137513752,0.0017401740174017401,0.20312031203120307,0.04015927141099074,train
2000,34,9978,49995,16,677,1,0.0016035277610743637,0.06784926839045902,0.1834714728441264,0.19716514335365573,0.02049844112680281,0.7960300860290703,0.020322032203220323,0.7886788678867886,0.0017601760176017601,0.18923892389238928,0.04169840266549307,train
2000,35,9301,49995,26,594,0,0.0027953983442640575,0.06386410063434039,0.17124135638747032,0.1834714728441264,0.02101131697821097,0.8077473266343183,0.020842084208420843,0.8005600560056005,0.0017601760176017601,0.17683768376837683,0.044377237363987465,train
2000,36,8701,49995,28,553,0,0.003218020917135961,0.06355591311343524,0.15980689735274783,0.17124135638747032,0.021562375244944584,0.8186307274023071,0.0214021402140214,0.8116211621162116,0.0017601760176017601,0.16521652165216527,0.04745245140304144,train
2000,37,8127,49995,19,449,0,0.002337886058816291,0.055247938968869204,0.1506042853235752,0.15980689735274783,0.021935985562368258,0.8274597291140561,0.02178217821782178,0.8206020602060206,0.0017601760176017601,0.15585558555855583,0.049679399037265815,train
2000,38,7661,49995,19,425,1,0.002480093982508811,0.05547578645085498,0.14187588137060989,0.1506042853235752,0.022309498344139297,0.8358146202852503,0.022162216221622164,0.8291029102910291,0.0017801780178017801,0.14695469546954698,0.05203628344116762,train
2000,39,7221,49995,17,368,0,0.0023542445644647554,0.05096247057194295,0.1343115254188463,0.14187588137060989,0.022643508866684703,0.8430449657144685,0.022502250225022502,0.8364636463646364,0.0017801780178017801,0.13925392539253922,0.05426802186818602,train
2000,40,6840,49995,15,368,0,0.0021929824561403508,0.05380116959064327,0.126790865442908,0.1343115254188463,0.022938051685585683,0.8502710828715059,0.022802280228022803,0.8438243824382439,0.0017801780178017801,0.13159315931593163,0.05634199550443997,train
2000,41,6464,49995,14,310,0,0.002165841584158416,0.04795792079207921,0.12043563023197015,0.126790865442908,0.023212660614453366,0.8563517091535761,0.023082308230823082,0.85002500250025,0.0017801780178017801,0.1251125112511251,0.05838580925180048,train
2000,42,6142,49995,15,305,0,0.00244220123738196,0.049658091826766525,0.1141608986015191,0.12043563023197015,0.02350678865963076,0.8623323127388497,0.023382338233823383,0.8561256125612561,0.0017801780178017801,0.11871187118711868,0.06068542059358206,train
2000,43,5829,49995,16,261,0,0.0027448962086121117,0.04477611940298507,0.10873585675684234,0.1141608986015191,0.02382014847737382,0.8674439947657834,0.023702370237023703,0.8613461346134613,0.0017801780178017801,0.11317131713171313,0.06326374162128878,train
2000,44,5564,49995,8,192,0,0.0014378145219266715,0.03450754852624011,0.10482730690936418,0.10873585675684234,0.023976490471272947,0.8711962026193624,0.023862386238623863,0.8651865186518651,0.0017801780178017801,0.10917091709170912,0.06461059461680096,train
2000,45,5369,49995,12,204,0,0.0022350530825107095,0.037995902402682066,0.1006100041914609,0.10482730690936418,0.024210785066712016,0.8751792107418266,0.0241024102410241,0.8692669266926693,0.0017801780178017801,0.1048504850485048,0.06670123959065055,train
2000,46,5161,49995,15,185,0,0.002906413485758574,0.035845766324355745,0.09671114721833705,0.1006100041914609,0.024503199339696306,0.8787856534419661,0.024402440244024402,0.872967296729673,0.0017801780178017801,0.1008500850085009,0.06941379169414608,train
2000,47,4963,49995,13,172,0,0.002619383437437034,0.03465645778762845,0.09310615784993238,0.09671114721833705,0.02475652291693555,0.8821373192331317,0.024662466246624663,0.8764076407640764,0.0017801780178017801,0.09714971497149716,0.07185135379528984,train
2000,48,4781,49995,12,149,0,0.0025099351600083664,0.03116502823677055,0.08997081139232119,0.09310615784993238,0.024990213336136387,0.885038975271542,0.024902490249024904,0.8793879387938794,0.0017801780178017801,0.09392939293929392,0.0741809467161133,train
2000,49,4626,49995,11,160,0,0.0023778642455685255,0.03458711629917856,0.08664504209960892,0.08997081139232119,0.025204151711690978,0.8881508061886997,0.025122512251225124,0.8825882588258825,0.0017801780178017801,0.09050905090509054,0.07638241874078311,train
2000,50,4464,49995,12,129,0,0.002688172043010753,0.02889784946236559,0.08390826993651644,0.08664504209960892,0.025437068491528637,0.8906546615719545,0.025362536253625362,0.8851685168516852,0.0017801780178017801,0.0876887688768877,0.07886526170115737,train
2000,51,4325,49995,14,130,0,0.0032369942196531793,0.03005780346820809,0.08111456106464168,0.08390826993651644,0.02570867907629424,0.8931767598590636,0.025642564256425644,0.8877687768776877,0.0017801780178017801,0.08480848084808479,0.0818469695245525,train
2000,52,4188,49995,13,127,0,0.0031041069723018147,0.030324737344794652,0.07840299503096217,0.08111456106464168,0.025960467350850197,0.8956365376181872,0.0259025902590259,0.8903090309030903,0.0017801780178017801,0.08200820082008198,0.08469701474809133,train
2000,53,4048,49995,10,97,0,0.0024703557312252965,0.023962450592885376,0.07633058384807853,0.07840299503096217,0.026154150638970163,0.8975152655129508,0.026102610261026102,0.8922492249224923,0.0017801780178017801,0.0798679867986799,0.08695813872351599,train
2000,54,3941,49995,6,97,0,0.0015224562293834052,0.02461304237503172,0.07433564598044289,0.07633058384807853,0.026270360611842142,0.8993939934077144,0.02622262226222622,0.8941894189418942,0.0017801780178017801,0.07780778077807782,0.08834820499290419,train
2000,55,3840,49995,8,107,0,0.0020833333333333333,0.027864583333333335,0.07210944824925775,0.07433564598044289,0.026425226540968065,0.9014653252097736,0.026382638263826384,0.8963296329632964,0.0017801780178017801,0.07550755075507554,0.09024747956583568,train
2000,56,3725,49995,8,91,0,0.002147651006711409,0.02442953020134228,0.07019298237632444,0.07210944824925775,0.026580092470093988,0.903226925153581,0.026542654265426544,0.8981498149814982,0.0017801780178017801,0.07352735273527355,0.09220131048220437,train
2000,57,3628,49995,8,93,0,0.002205071664829107,0.025633958103638367,0.06823887785041244,0.07019298237632444,0.02673487302660187,0.9050262491229851,0.026702670267026704,0.9000100010001,0.0017801780178017801,0.07150715071507152,0.094203071649829,train
2000,58,3529,49995,5,82,0,0.0014168319637291016,0.023236044205157267,0.06655659324486246,0.06823887785041244,0.02683155604990934,0.9066118507052277,0.0268026802680268,0.9016501650165016,0.0017801780178017801,0.06976697669766974,0.0954864336905632,train
2000,59,3442,49995,9,88,0,0.0026147588611272515,0.02556653108657757,0.06468094259269754,0.06655659324486246,0.027005585491862785,0.9083134719154391,0.026982698269826983,0.9034103410341034,0.0017801780178017801,0.0678267826782678,0.09785151855308061,train
2000,60,3345,49995,10,77,0,0.0029895366218236174,0.023019431988041853,0.06299865798714754,0.06468094259269754,0.027198951538477727,0.9098023904743742,0.027182718271827184,0.904950495049505,0.0017801780178017801,0.06608660866086613,0.10054852447668883,train
2000,61,3260,49995,4,84,0,0.001226993865030675,0.025766871165644172,0.06129808071632884,0.06299865798714754,0.02727625050533312,0.9114256687783375,0.027262726272627262,0.9066306630663067,0.0017801780178017801,0.06432643264326432,0.1016521459190487,train
2000,62,3172,49995,8,65,0,0.0025220680958385876,0.020491803278688523,0.05988737457121787,0.06129808071632884,0.027430848439043913,0.9126817769897377,0.027422742274227422,0.9079307930793079,0.0017801780178017801,0.06286628662866289,0.10391784038079133,train
2000,63,3102,49995,9,70,0,0.0029013539651837525,0.02256608639587363,0.05836219643094507,0.05988737457121787,0.027604602910720557,0.9140332006583339,0.027602760276027604,0.9093309330933094,0.0017801780178017801,0.06128612861286131,0.10651769190773264,train
2000,64,3025,49995,7,60,0,0.0023140495867768596,0.019834710743801654,0.05706954612982992,0.05836219643094507,0.027739655927254976,0.9151907979429147,0.027742774277427742,0.9105310531053106,0.0017801780178017801,0.05994599459945993,0.10858525427356591,train
2000,65,2960,49995,5,63,2,0.0016891891891891893,0.021283783783783785,0.05575848898900951,0.05706954612982992,0.02783605718760942,0.9164054538233807,0.027842784278427842,0.9117911791179117,0.00182018201820182,0.05854585458545858,0.1100910224251308,train
2000,66,2890,49995,4,62,5,0.001384083044982699,0.021453287197231833,0.05448511173182106,0.05575848898900951,0.027913231566832963,0.9176016567013456,0.027922792279227924,0.913031303130313,0.0019201920192019203,0.05712571257125709,0.11132273035257012,train
2000,67,2821,49995,6,52,6,0.0021269053527118043,0.018433179723502304,0.053364893199227784,0.05448511173182106,0.028029116242618474,0.9186059905581534,0.028042804280428043,0.9140714071407141,0.00204020402040204,0.055845584558455896,0.1132128627942165,train
2000,68,2759,49995,7,41,5,0.0025371511417180137,0.014860456687205509,0.05243647171551523,0.053364893199227784,0.028164511042326555,0.9193990172421579,0.028182818281828184,0.9148914891489149,0.00214021402140214,0.05478547854785476,0.11546277579183906,train
2000,69,2710,49995,7,38,2,0.0025830258302583027,0.014022140221402213,0.051565755395515896,0.05243647171551523,0.02829995580321534,0.9201342888012685,0.028322832283228322,0.9156515651565157,0.00218021802180218,0.05384538453845389,0.11774755828979366,train
2000,70,2668,49995,5,51,4,0.0018740629685157421,0.01911544227886057,0.05048341570205679,0.051565755395515896,0.02839659327584562,0.9211199910220973,0.028422842284228422,0.9166716671667167,0.00226022602260226,0.052645264526452684,0.11940095491968539,train
2000,71,2610,49995,4,50,1,0.0015325670498084292,0.019157088122605363,0.049438931239255614,0.05048341570205679,0.028473962495312373,0.9220871062654317,0.028502850285028504,0.9176717671767177,0.00228022802280228,0.0515451545154515,0.1207505320002682,train
2000,72,2555,49995,3,32,0,0.0011741682974559687,0.012524461839530333,0.048761685605841154,0.049438931239255614,0.028532012121033613,0.9227063022731249,0.028562856285628564,0.9183118311831183,0.00228022802280228,0.05084508450845082,0.12178291885114856,train
2000,73,2520,49995,4,58,2,0.0015873015873015873,0.023015873015873017,0.04756199334093554,0.048761685605841154,0.028609411621995266,0.9238285950370688,0.028642864286428642,0.9194719471947195,0.00232023202320232,0.049564956495649515,0.12317691421805155,train
2000,74,2457,49995,11,32,0,0.004477004477004477,0.013024013024013023,0.04672961006309255,0.04756199334093554,0.028822346879117892,0.9244480430577892,0.02886288628862886,0.9201120112011201,0.00232023202320232,0.048704870487048746,0.12710245509863827,train
2000,75,2415,49995,2,33,2,0.0008281573498964803,0.013664596273291925,0.04605236933754048,0.04672961006309255,0.02886104634914944,0.9250865843133097,0.028902890289028902,0.9207720772077208,0.0023602360236023604,0.04796479647964802,0.12782535161615494,train
2000,76,2378,49995,2,33,0,0.0008410428931875525,0.013877207737594618,0.04537455902348921,0.04605236933754048,0.028899778367095227,0.9257256626094151,0.028942894289428943,0.9214321432143214,0.0023602360236023604,0.047264726472647234,0.1285588879057965,train
2000,77,2343,49995,3,35,0,0.0012804097311139564,0.014938113529662825,0.044638650682519265,0.04537455902348921,0.028957876394013905,0.9264034729234664,0.029002900290029002,0.9221322132213221,0.0023602360236023604,0.04650465046504648,0.12967468958581474,train
2000,78,2306,49995,2,33,1,0.0008673026886383347,0.014310494362532523,0.04396113430182188,0.044638650682519265,0.028996591615768043,0.9270422740824096,0.029042904290429043,0.9227922792279228,0.0023802380238023804,0.04578457845784578,0.13042952506752692,train
2000,79,2270,49995,9,34,0,0.003964757709251102,0.014977973568281937,0.04312839034808693,0.04396113430182188,0.029170886861898608,0.927700722790014,0.029222922292229222,0.9234723472347235,0.0023802380238023804,0.0449244924492449,0.13387716131175265,train
2000,80,2229,49995,4,31,0,0.001794526693584567,0.013907581875280395,0.04245118368044088,0.04312839034808693,0.029248281909629584,0.9283005344099291,0.029302930293029304,0.9240924092409241,0.0023802380238023804,0.04422442244224423,0.135431441865702,train
2000,81,2194,49995,4,25,0,0.0018231540565177757,0.011394712853236098,0.041890069584391294,0.04245118368044088,0.02932567695736056,0.9287842534582477,0.029382938293829382,0.9245924592459246,0.0023802380238023804,0.043644364436443595,0.13700768353960224,train
2000,82,2165,49995,5,28,0,0.0023094688221709007,0.012933025404157044,0.041251560440610735,0.041890069584391294,0.029422420767024282,0.9293260187923645,0.029482948294829482,0.9251525152515252,0.0023802380238023804,0.04298429842984297,0.1390007373882406,train
2000,83,2132,49995,6,25,0,0.0028142589118198874,0.01172607879924953,0.040651748820695666,0.041251560440610735,0.02953851333862075,0.9298097378406831,0.029602960296029605,0.9256525652565256,0.0023802380238023804,0.0423642364236424,0.1414238122361161,train
2000,84,2102,49995,3,34,0,0.0014272121788772598,0.016175071360608945,0.0399361852115778,0.040651748820695666,0.029596532009630305,0.9304672827787914,0.029662966296629664,0.9263326332633264,0.0023802380238023804,0.04162416241624167,0.1426491826277868,train
2000,85,2065,49995,3,28,0,0.0014527845036319612,0.013559322033898305,0.039336658944479054,0.0399361852115778,0.029654550680639862,0.9310087903748806,0.029722972297229724,0.9268926892689269,0.0023802380238023804,0.04100410041004099,0.1438947286094413,train
2000,86,2035,49995,2,23,0,0.0009828009828009828,0.011302211302211302,0.03885340760609479,0.039336658944479054,0.029693210787710603,0.9314533816061942,0.029762976297629765,0.9273527352735274,0.0023802380238023804,0.04050405040504046,0.14473610971154505,train
2000,87,2010,49995,4,30,0,0.001990049751243781,0.014925373134328358,0.03819618578589219,0.03885340760609479,0.029770531001852084,0.9320332832122553,0.029842984298429843,0.9279527952795279,0.0023802380238023804,0.03982398239823981,0.14643812740366136,train
2000,88,1977,49995,2,24,0,0.0010116337885685382,0.012139605462822459,0.03769385860813135,0.03819618578589219,0.029809171553987535,0.9324969698378807,0.029882988298829884,0.9284328432843284,0.0023802380238023804,0.039303930393039255,0.14730161943461362,train
2000,89,1951,49995,4,31,1,0.0020502306509482316,0.015889287544848796,0.03701764894576098,0.03769385860813135,0.029886452658258435,0.9330958983959802,0.029962996299629962,0.9290529052905291,0.0024002400240024004,0.038583858385838554,0.1490498477904627,train
2000,90,1915,49995,4,17,0,0.0020887728459530026,0.008877284595300261,0.036611711281081614,0.03701764894576098,0.02996377411819736,0.9334245146007206,0.030043004300430044,0.9293929392939294,0.0024002400240024004,0.03816381638163813,0.15082728936165757,train
2000,91,1894,49995,2,22,0,0.0010559662090813093,0.011615628299894404,0.036147782521448055,0.036611711281081614,0.030002434848166823,0.9338497826303848,0.030083008300830084,0.9298329832983299,0.0024002400240024004,0.037683768376837734,0.15172398704976564,train
2000,92,1870,49995,3,22,0,0.0016042780748663102,0.011764705882352941,0.03566452339682977,0.036147782521448055,0.030060425943121017,0.9342750506600489,0.030143014301430144,0.9302730273027303,0.0024002400240024004,0.037183718371837204,0.15308485765877666,train
2000,93,1847,49995,2,19,0,0.0010828370330265296,0.01028695181375203,0.035259025296486814,0.03566452339682977,0.030099044809820345,0.9346419298936925,0.03018301830183018,0.9306530653065307,0.0024002400240024004,0.03676367636763678,0.15400192873873475,train
2000,94,1827,49995,3,26,0,0.0016420361247947454,0.014230979748221127,0.03469935822828861,0.035259025296486814,0.030156941403082227,0.9351437003686288,0.030243024302430244,0.9311731173117311,0.0024002400240024004,0.036183618361836145,0.15539108813325242,train
2000,95,1800,49995,4,18,1,0.0022222222222222222,0.01,0.03427525496105397,0.03469935822828861,0.03023405108803398,0.9354906939509116,0.030323032303230323,0.9315331533153315,0.0024202420242024204,0.03572357235723578,0.15726799682628967,train
2000,96,1777,49995,7,24,0,0.0039392234102419805,0.013505908835115363,0.033677318605515046,0.03427525496105397,0.030369068974768577,0.9359536124197159,0.030463046304630464,0.932013201320132,0.0024202420242024204,0.035103510351035094,0.1605877064617517,train
2000,97,1746,49995,5,13,0,0.0028636884306987398,0.0074455899198167235,0.0333301297539118,0.033677318605515046,0.030465510322436145,0.9362043599236516,0.030563056305630564,0.9322732273227323,0.0024202420242024204,0.034743474347434744,0.16299152173534348,train
2000,98,1729,49995,2,23,0,0.001156737998843262,0.013302486986697512,0.03284820190900272,0.0333301297539118,0.03050406455002887,0.936647733540968,0.0306030603060306,0.9327332733273327,0.0024202420242024204,0.034243424342434214,0.16395972124750624,train
2000,99,1704,49995,9,18,0,0.00528169014084507,0.01056338028169014,0.032327719836500915,0.03284820190900272,0.03067755857419614,0.9369947215893025,0.030783078307830784,0.933093309330933,0.0024202420242024204,0.033703370337033745,0.16837542694514274,train
2000,100,1677,49995,1,18,0,0.0005963029218843172,0.01073345259391771,0.03196145467437002,0.032327719836500915,0.030696835687992502,0.9373417096376371,0.030803080308030802,0.9334533453345335,0.0024202420242024204,0.03332333233323337,0.16887132710796615,train
2000,101,1658,49995,5,17,0,0.0030156815440289505,0.010253317249698432,0.03153735817085003,0.03196145467437002,0.030793221256974316,0.9376694205721753,0.030903090309030903,0.9337933793379338,0.0024202420242024204,0.032883288328832916,0.1713777465075199,train
2000,102,1636,49995,6,13,0,0.003667481662591687,0.007946210268948655,0.03117109300871913,0.03153735817085003,0.030908883939752496,0.937920023051528,0.031023102310231022,0.934053405340534,0.0024202420242024204,0.03250325032503254,0.174416703427419,train
2000,103,1618,49995,5,13,1,0.0030902348578491965,0.008034610630407911,0.03082431941529704,0.03117109300871913,0.0310052099379253,0.9381704706467773,0.031123112311231122,0.9343134313431343,0.0024402440244024404,0.032123212321232164,0.17696794970854568,train
2000,104,1599,49995,2,17,0,0.0012507817385866166,0.010631644777986242,0.030458051704921402,0.03082431941529704,0.03104376443375431,0.9384981838613239,0.031163116311631163,0.9346534653465347,0.0024402440244024404,0.03174317431743179,0.17799738316732172,train
2000,105,1581,49995,5,13,1,0.0031625553447185324,0.008222643896268185,0.0301112807177686,0.030458051704921402,0.031140089707963423,0.9387486295742676,0.03126312631263126,0.9349134913491349,0.0024602460246024604,0.03136313631363141,0.18059701193655853,train
2000,106,1563,49995,5,17,2,0.003198976327575176,0.010876519513755598,0.029687449511248507,0.0301112807177686,0.031236414982172535,0.9390761355065786,0.031363136313631364,0.9352535253525353,0.0025002500250025004,0.03088308830883091,0.1832182626981178,train
2000,107,1539,49995,11,14,0,0.007147498375568551,0.009096816114359974,0.02920519724498391,0.029687449511248507,0.031448605979328956,0.9393461967756869,0.03158315831583158,0.9355335533553355,0.0025002500250025004,0.03038303830383038,0.18905620883867713,train
2000,108,1515,49995,4,19,0,0.0026402640264026403,0.012541254125412541,0.028761818012881846,0.02920519724498391,0.031525715410998884,0.9397124665761191,0.031663166316631665,0.9359135913591359,0.0025002500250025004,0.0299229922992299,0.1911973145579149,train
2000,109,1492,49995,2,18,1,0.0013404825737265416,0.012064343163538873,0.028376270854532225,0.028761818012881846,0.03156427012683385,0.9400594590186337,0.0317031703170317,0.9362736273627362,0.0025202520252025204,0.029502950295029473,0.19228150046333325,train
2000,110,1471,49995,4,12,0,0.002719238613188307,0.008157715839564922,0.028067623448908487,0.028376270854532225,0.03164143197823978,0.9402909445728516,0.031783178317831784,0.9365136513651365,0.0025202520252025204,0.029182918291829174,0.19447787979585995,train
2000,111,1455,49995,1,17,0,0.0006872852233676976,0.01168384879725086,0.027720395117581776,0.028067623448908487,0.03166072244109126,0.9406188824413264,0.0318031803180318,0.9368536853685369,0.0025202520252025204,0.028822882288228824,0.19503150324617202,train
2000,112,1438,49995,3,17,0,0.002086230876216968,0.011821974965229486,0.02733485415628022,0.027720395117581776,0.031718553585286496,0.9409465922584327,0.031863186318631866,0.9371937193719372,0.0025202520252025204,0.028422842284228422,0.19671085337848182,train
2000,113,1419,49995,5,18,0,0.0035236081747709656,0.012684989429175475,0.026891794504698512,0.02733485415628022,0.03181487090084774,0.9412933345944532,0.031963196319631966,0.9375537553755375,0.0025202520252025204,0.027962796279627944,0.19954132958222215,train
2000,114,1396,49995,2,23,0,0.0014326647564469914,0.0164756446991404,0.026410207926892307,0.026891794504698512,0.031853397827072236,0.941736394246035,0.032003200320032,0.938013801380138,0.0025202520252025204,0.027462746274627414,0.20068811850832213,train
2000,115,1372,49995,1,14,0,0.0007288629737609329,0.01020408163265306,0.02612146658658372,0.026410207926892307,0.031872647249759474,0.9420058861636563,0.03202320232023202,0.9382938293829383,0.0025202520252025204,0.02716271627162714,0.2012707073432286,train
2000,116,1357,49995,4,13,0,0.0029476787030213707,0.009579955784819455,0.025794226400900653,0.02612146658658372,0.031949644940508434,0.9422561286585904,0.032103210321032104,0.9385538553855386,0.0025202520252025204,0.026822682268226816,0.20362510466867234,train
2000,117,1340,49995,3,14,0,0.002238805970149254,0.010447761194029851,0.025466986215217584,0.025794226400900653,0.03200739320857015,0.9425256205762118,0.03216321632163216,0.9388338833883388,0.0025202520252025204,0.02648264826482649,0.2054080335388171,train
2000,118,1324,49995,2,21,0,0.0015105740181268882,0.015861027190332326,0.025024583886705493,0.025466986215217584,0.03204586297626685,0.9429295531370272,0.032203220322032204,0.9392539253925393,0.0025202520252025204,0.026022602260226013,0.20660832351836578,train
2000,119,1301,49995,4,26,0,0.0030745580322828594,0.019984627209838585,0.024447537371254942,0.025024583886705493,0.03212280251166026,0.9434296601170843,0.032283228322832286,0.9397739773977398,0.0025202520252025204,0.025422542254225466,0.20904765227003874,train
2000,120,1271,49995,4,25,0,0.003147128245476003,0.01966955153422502,0.023889725739652742,0.024447537371254942,0.03219974204705367,0.9439105322132931,0.03236323632363236,0.9402740274027402,0.0025202520252025204,0.024842484248424834,0.21153688074440524,train
2001,0,39085,49996,0,25,0,0.0,0.0006396315722144045,0.9993603684277856,1.0,0.0,0.0006396315722144045,0.0,0.000500040003200256,0.0,0.9994999599967997,0.0,train
2001,1,46646,49996,0,92,2,0.0,0.001972302019465763,0.9973893279549615,0.9993603684277856,0.0,0.0026106720450385754,0.0,0.002340187214977198,4.000320025602048e-05,0.9976198095847668,0.0,train
2001,2,47995,49996,0,150,1,0.0,0.003125325554745286,0.9942721616002735,0.9973893279549615,0.0,0.005727838399726444,0.0,0.005340427234178735,6.0004800384030723e-05,0.9945995679654372,0.0,train
2001,3,48418,49996,22,287,3,0.00045437647156016357,0.005927547606262134,0.9879267921522483,0.9942721616002735,0.00045177387655842907,0.011621433971193224,0.0004400352028162253,0.011080886470917673,0.00012000960076806145,0.9883590687254981,0.0004543764715602139,train
2001,4,48416,49996,15,305,4,0.00030981493721083937,0.006299570389953734,0.9813972033078845,0.9879267921522483,0.0007578483536379839,0.017844948338477502,0.0007400592047363789,0.0171813745099608,0.0002000160012801024,0.9818785502840227,0.0007640506361530353,train
2001,5,48315,49996,19,370,5,0.00039325261306012623,0.0076580772016971955,0.9734956507447723,0.9813972033078845,0.0011437853682887095,0.025360563886939,0.0011200896071685736,0.024581966557324586,0.0003000240019201536,0.9739979198335866,0.0011570027843039732,train
2001,6,48043,49996,18,452,3,0.000374664363174656,0.009408238453052473,0.9639720374015164,0.9734956507447723,0.0015085194963282969,0.03451944310215531,0.0014801184094727579,0.033622689815185215,0.00036002880230418433,0.9645371629730378,0.0015312336597672616,train
2001,7,47664,49996,19,541,2,0.00039862369922792883,0.011350285330647868,0.952646417626742,0.9639720374015164,0.0018927815958295728,0.04546080077742848,0.0018601488119049524,0.044443555484438756,0.0004000320025602048,0.9532962637010961,0.0019292469729693673,train
2001,8,47164,49996,22,656,3,0.0004664574675600034,0.013908913578152828,0.9389517718979884,0.952646417626742,0.0023371506312758524,0.05871107747073572,0.0023001840147211777,0.057564605168413475,0.00046003680294423555,0.9396751740139211,0.0023948045288720854,train
2001,9,46528,49996,20,717,0,0.00042984869325997247,0.015410075653370013,0.9240788468659901,0.9389517718979884,0.0027407578234603385,0.07318039531054954,0.0027002160172813826,0.07190575246019681,0.00046003680294423555,0.9249339947195776,0.0028236238185347373,train
2001,10,45824,49996,32,763,6,0.0006983240223463687,0.016650663407821228,0.9080470145672283,0.9240788468659901,0.003386064280768991,0.08856692115200271,0.00334026722137771,0.08716697335786863,0.000580046403712297,0.9089127130170414,0.00351997603653853,train
2001,11,45048,49996,23,824,1,0.0005105665068371515,0.01829160007103534,0.8909737633387954,0.9080470145672283,0.0038496826730404846,0.10517655398816406,0.003800304024321946,0.10364829186334906,0.0006000480038403072,0.8919513561084886,0.004028745361506547,train
2001,12,44221,49996,24,1044,0,0.0005427285678749915,0.02360869270256213,0.8694554806394934,0.8909737633387954,0.004333239587631541,0.126211279772875,0.004280342427394192,0.12452996239699175,0.0006000480038403072,0.8705896471717738,0.004569287414181167,train
2001,13,43166,49996,31,1230,0,0.0007181578093870176,0.028494648566001018,0.8440562460315519,0.8694554806394934,0.0049576458309671355,0.15098610813748087,0.004900392031362509,0.14913193055444435,0.0006000480038403072,0.8453676294103528,0.005284163754128324,train
2001,14,41920,49996,15,1367,0,0.00035782442748091603,0.03260973282442748,0.8162297734166759,0.8440562460315519,0.005259669773965067,0.178510556809359,0.0052004160332826625,0.17647411792943435,0.0006000480038403072,0.8177254180334427,0.005640097378739162,train
2001,15,40546,49996,32,1608,0,0.0007892270507571647,0.03965865930054752,0.783215004304967,0.8162297734166759,0.005903860390778899,0.21088113530425406,0.00584046723737899,0.20863669093527482,0.0006000480038403072,0.7849227938235059,0.006424873112076068,train
2001,16,38928,49996,29,1777,1,0.0007449650637073572,0.04564837648993013,0.7468790431003131,0.783215004304967,0.006487328206357507,0.24663362869332944,0.006420513641091287,0.24417953436274903,0.0006200496039683174,0.7487799023921914,0.007165051869776229,train
2001,17,37167,49996,28,2033,1,0.0007533564721392633,0.05469906099496866,0.7054627946048804,0.7468790431003131,0.007049994367382308,0.2874872110277373,0.006980558444675574,0.28484278742299385,0.0006400512040963277,0.7075366029282343,0.007913010503716178,train
2001,18,35132,49996,34,2211,0,0.0009677786633268815,0.06293407719458044,0.6603824127909228,0.7054627946048804,0.007732726207771865,0.33188486100130526,0.007660612849027922,0.3290663253060245,0.0006400512040963277,0.6626330106408513,0.00887313112431487,train
2001,19,32899,49996,32,2319,0,0.0009726739414571871,0.07048846469497554,0.6131907336374087,0.6603824127909228,0.00837506297209022,0.378434203390501,0.00830066405312425,0.37545003600288024,0.0006400512040963277,0.6156092487398992,0.009837174402348325,train
2001,20,30554,49996,23,2066,0,0.0007527655953393991,0.06761798782483472,0.5712664211883497,0.6131907336374087,0.008836651859753387,0.41989692695189673,0.008760700856068485,0.4167733418673494,0.0006400512040963277,0.5738259060724857,0.01058253491124228,train
2001,21,28471,49996,32,1966,1,0.0011239506866636225,0.06905272031189631,0.5311768454960901,0.5712664211883497,0.009478727146115903,0.4593444273577938,0.009400752060164812,0.4560964877190175,0.0006600528042243379,0.5338427074165933,0.011694591350525751,train
2001,22,26510,49996,32,1727,0,0.0012070916635231988,0.06514522821576764,0.4959320295312609,0.5311768454960901,0.010119906288170784,0.49394806418056814,0.010040803264261142,0.4906392511400912,0.0006600528042243379,0.4986598927914233,0.012887566570321418,train
2001,23,24779,49996,31,1539,4,0.0012510593647846967,0.062109043948504784,0.4645097249037909,0.4959320295312609,0.010740346698012548,0.5247499283981963,0.010660852868229459,0.521421713737099,0.0007400592047363789,0.4671773741899352,0.014122502824258976,train
2001,24,23214,49996,26,1523,1,0.0011200137847850436,0.06560696131644697,0.4335143960558555,0.4645097249037909,0.011260603993071503,0.5552249999510728,0.011180894471557725,0.5518841507320585,0.0007600608048643891,0.4361748939915193,0.01522669921120512,train
2001,25,21671,49996,30,1359,0,0.0013843385169120023,0.0627105348161137,0.40572834575261235,0.4335143960558555,0.011860734669167467,0.58241091957822,0.011780942475398033,0.5790663253060245,0.0007600608048643891,0.40839267141371305,0.01658995882191361,train
2001,26,20283,49996,28,1214,1,0.0013804664004338609,0.05985307893309668,0.3808841606998714,0.40572834575261235,0.012420829018182561,0.6066950102819458,0.01234098727898232,0.6033482678614289,0.0007800624049923994,0.3835306824545963,0.017947523341609206,train
2001,27,19042,49996,18,1148,0,0.0009452788572628925,0.06028778489654448,0.3575614566049207,0.3808841606998714,0.012780870762358471,0.6296576726327205,0.012701016081286503,0.6263101048083847,0.0007800624049923994,0.36020881670533644,0.018875836784517097,train
2001,28,17877,49996,23,1039,0,0.0012865693348995916,0.058119371259159815,0.3363201819551235,0.3575614566049207,0.013240898367768393,0.6504389196771079,0.013161052884230738,0.6470917673413873,0.0007800624049923994,0.33896711736938956,0.020138121046639146,train
2001,29,16819,49996,15,864,0,0.0008918485046673405,0.05137047386883881,0.3187433081850685,0.3363201819551235,0.013540845019134518,0.6677158467957967,0.013461076886150893,0.6643731498519881,0.0007800624049923994,0.3213857108568685,0.021012009398164277,train
2001,30,15941,49996,17,605,1,0.0010664324697321373,0.0379524496581143,0.30630630061395553,0.3187433081850685,0.013880763232492913,0.6798129361535513,0.013801104088327066,0.6764741179294343,0.0008000640051204096,0.3089247139771182,0.022056033978819944,train
2001,31,15321,49996,12,519,0,0.0007832386919913843,0.033875073428627375,0.29569024124276505,0.30630630061395553,0.014120674178734506,0.6901890845785003,0.01404112328986319,0.6868549483958717,0.0008000640051204096,0.2983038643091447,0.022821997531607074,train
2001,32,14798,49996,31,499,0,0.002094877686173807,0.033720773077442895,0.28509990282820463,0.29569024124276505,0.014740109067133324,0.7001599881046618,0.014661172893831507,0.6968357468597488,0.0008000640051204096,0.28770301624129935,0.02486906592439797,train
2001,33,14270,49996,17,419,0,0.0011913104414856342,0.02936229852838122,0.27638907187984463,0.28509990282820463,0.015079751558239105,0.7085311765619161,0.01500120009600768,0.705216417313385,0.0008000640051204096,0.27898231858548683,0.02603074958797791,train
2001,34,13838,49996,20,434,0,0.0014452955629426219,0.031362913715854895,0.2673212413672381,0.27638907187984463,0.015479215457472873,0.7171995431752889,0.015401232098567886,0.7138971117689416,0.0008000640051204096,0.2699015921273702,0.02743842302404098,train
2001,35,13386,49996,22,386,0,0.0016435081428357986,0.02883609741520992,0.2591733953730776,0.2673212413672381,0.015918560094412903,0.7249080445325095,0.01584126730138411,0.7216177294183534,0.0008000640051204096,0.26174093927514197,0.02903683589521011,train
2001,36,12980,49996,9,400,0,0.0006933744221879815,0.030816640986132512,0.2510068376914452,0.2591733953730776,0.016098264297676208,0.7328948980108786,0.016021281702536205,0.7296183694695576,0.0008000640051204096,0.2535602848227858,0.029710076918087025,train
2001,37,12573,49996,18,378,1,0.0014316392269148174,0.030064423765211165,0.24310111052006114,0.2510068376914452,0.016457615532739122,0.7404412739471998,0.016381310504840388,0.7371789743179454,0.0008200656052484199,0.2456196495719658,0.03109918203345119,train
2001,38,12176,49996,13,309,0,0.0010676741130091984,0.025377792378449407,0.23667218824776648,0.24310111052006114,0.01671716829528518,0.7466106434569484,0.016641331306504522,0.7433594687575006,0.0008200656052484199,0.23917913433074645,0.03213365235486754,train
2001,39,11857,49996,17,289,1,0.001433752213882095,0.024373787635995615,0.23056426131820448,0.23667218824776648,0.017056497569149735,0.7523792411126459,0.016981358508680693,0.7491399311944955,0.0008400672053764301,0.23303864309144728,0.03352133287354575,train
2001,40,11551,49996,15,285,0,0.0012985888667647822,0.024673188468530862,0.22457609766177117,0.23056426131820448,0.0173559057519714,0.7580679965862576,0.017281382510600848,0.7548403872309785,0.0008400672053764301,0.22703816305304425,0.03477639131064181,train
2001,41,11252,49996,22,238,1,0.0019552079630287948,0.021151795236402416,0.21938681705458482,0.22457609766177117,0.017794998726425627,0.7628181842189896,0.01772141771341707,0.7596007680614449,0.0008600688055044403,0.22181774541963362,0.03666360419645465,train
2001,42,10994,49996,7,240,0,0.0006367109332363107,0.02183008913953065,0.21445789729721876,0.21938681705458482,0.017934684711452195,0.7676074179913291,0.017861428914313145,0.7644011520921674,0.0008600688055044403,0.21687735018801502,0.0372769710120473,train
2001,43,10753,49996,12,257,0,0.0011159676369385289,0.02390030689110016,0.2090929596637256,0.21445789729721876,0.018174012784321777,0.7727330275519527,0.018101448115849267,0.769541563325066,0.0008600688055044403,0.21149691975358031,0.038351338755733266,train
2001,44,10487,49996,13,232,0,0.0012396300181176695,0.02212262801563841,0.2042080759870199,0.2090929596637256,0.018433210693698,0.7773587133192822,0.0183614689175134,0.7741819345547644,0.0008600688055044403,0.20659652772221782,0.03954342730309435,train
2001,45,10245,49996,18,205,0,0.0017569546120058566,0.02000976085895559,0.19976313690013797,0.2042080759870199,0.018791995014612237,0.7814448680852499,0.018721497719817584,0.7782822625810065,0.0008600688055044403,0.20213617089367153,0.041230905908125504,train
2001,46,10024,49996,6,192,0,0.0005985634477254589,0.019154030327214685,0.1958172968057418,0.19976313690013797,0.018911565926563637,0.7852711372676947,0.018841507320585645,0.7821225698055845,0.0008600688055044403,0.1981758540683255,0.0418047900426578,train
2001,47,9830,49996,11,216,0,0.0011190233977619532,0.0219735503560529,0.19129537143698244,0.1958172968057418,0.01913069006337576,0.7895739384996416,0.01906152492199376,0.7864429154332346,0.0008600688055044403,0.19363549083926712,0.04287703290222378,train
2001,48,9608,49996,10,226,2,0.0010407993338884263,0.023522064945878433,0.18659660919102825,0.19129537143698244,0.01932979015854331,0.7940736006504283,0.01926154092327386,0.790963277062165,0.0009000720057604608,0.18887511000880075,0.04387320584882848,train
2001,49,9373,49996,9,163,0,0.0009602048436999893,0.017390376613677584,0.18317245291439785,0.18659660919102825,0.01950896112650653,0.7973185859590955,0.019441555324425954,0.7942235378830307,0.0009000720057604608,0.1854348347867829,0.04479128342776373,train
2001,50,9205,49996,12,173,0,0.0013036393264530147,0.01879413362303096,0.17949109454512424,0.18317245291439785,0.019747751939648603,0.8007611535152271,0.019681574525962076,0.7976838147051765,0.0009000720057604608,0.18173453876310108,0.04603653107565808,train
2001,51,9021,49996,13,181,0,0.0014410819199645272,0.020064294424121495,0.17563107100651942,0.17949109454512424,0.020006413310792226,0.8043625156826884,0.01994159532762621,0.8013041043283463,0.0009000720057604608,0.17785422833826703,0.04741127058303152,train
2001,52,8829,49996,13,153,0,0.001472420432665081,0.017329255861365953,0.17232891246228088,0.17563107100651942,0.020265016088353075,0.807406071449366,0.020201616129290344,0.8043643491479319,0.0009000720057604608,0.17453396271701738,0.048813881692151506,train
2001,53,8664,49996,8,123,0,0.0009233610341643582,0.014196675900277008,0.1697232929409791,0.17232891246228088,0.020424137891180666,0.8098525691678402,0.020361628930314426,0.8068245459636771,0.0009000720057604608,0.17191375310024803,0.049692169890035,train
2001,54,8534,49996,11,128,0,0.001288961799859386,0.014998828216545582,0.16695887558466363,0.1697232929409791,0.02064290473232793,0.8123982196830084,0.020581646531722536,0.8093847507800624,0.0009000720057604608,0.16913353068245462,0.050917080381153945,train
2001,55,8395,49996,5,111,0,0.0005955926146515784,0.013222156045265039,0.16465187980529247,0.16695887558466363,0.020742344205576687,0.8146057759891309,0.02068165453236259,0.8116049283942716,0.0009000720057604608,0.16681334506760537,0.05148234715877087,train
2001,56,8279,49996,11,107,0,0.0013286628819905786,0.012924266215726538,0.16230510823662178,0.16465187980529247,0.020961111046723952,0.8167337807166543,0.020901672133770702,0.8137450996079686,0.0009000720057604608,0.16445315625250023,0.05274260735701386,train
2001,57,8163,49996,7,92,0,0.0008575278696557638,0.011270366286904324,0.160336689062859,0.16230510823662178,0.02110029220042435,0.8185630187367167,0.021041683334666772,0.8155852468197455,0.0009000720057604608,0.16247299783982716,0.05355490697094267,train
2001,58,8066,49996,4,92,0,0.0004959087527894868,0.011405901314158196,0.15842839224286961,0.160336689062859,0.02117980456792391,0.8203918031892065,0.021121689735178813,0.8174253940315225,0.0009000720057604608,0.16055284422753824,0.05402425737661043,train
2001,59,7970,49996,7,106,0,0.0008782936010037642,0.013299874529485571,0.1561821678610071,0.15842839224286961,0.021318951211048136,0.8224988809279448,0.021261700936074886,0.8195455636450916,0.0009000720057604608,0.15829266341307302,0.0548551018180613,train
2001,60,7857,49996,5,96,0,0.0006363752068219422,0.012218403970981291,0.15417448058164326,0.1561821678610071,0.021418341670422582,0.8244071777479342,0.02136170893671494,0.8214657172573806,0.0009000720057604608,0.15627250180014396,0.05545656859811854,train
2001,61,7757,49996,4,106,0,0.00051566327188346,0.013665076704911693,0.15198817236145754,0.15417448058164326,0.021497843787520246,0.8265139838510223,0.02144171533722698,0.8235858868709497,0.0009000720057604608,0.1540723257860629,0.05594363495439125,train
2001,62,7648,49996,4,107,0,0.0005230125523012552,0.013990585774058577,0.1497822770774458,0.15198817236145754,0.021577335509466614,0.8286403874130877,0.02152172173773902,0.8257260580846467,0.0009000720057604608,0.15185214817185377,0.056437388283389955,train
2001,63,7538,49996,1,88,1,0.00013266118333775536,0.011674184133722473,0.1480138209007553,0.1497822770774458,0.021597205803586733,0.8303889732956579,0.021541723337867028,0.8274861988959117,0.0009200736058884711,0.15005200416033282,0.05656256241601387,train
2001,64,7448,49996,8,102,0,0.0010741138560687433,0.013694951664876477,0.1458277950818666,0.1480138209007553,0.02175618949950591,0.8324160154186274,0.02170173613889111,0.8295263621089687,0.0009200736058884711,0.14785182814625175,0.05757592164005676,train
2001,65,7338,49996,6,75,0,0.0008176614881439084,0.010220768601798855,0.14421808516068493,0.1458277950818666,0.021875427271445296,0.8339064875678697,0.021821745739659174,0.8310264821185694,0.0009200736058884711,0.14623169853588291,0.05834650551443121,train
2001,66,7257,49996,2,78,0,0.00027559597629874606,0.010748243075651096,0.14262824820149314,0.14421808516068493,0.021915173195425092,0.8354565786030816,0.021861748939915195,0.8325866069285542,0.0009200736058884711,0.14463157052564202,0.05860602142857907,train
2001,67,7177,49996,6,79,1,0.0008360039013515396,0.011007384701128605,0.14093904643235186,0.14262824820149314,0.022034410967364478,0.8370265426002835,0.021981758540683256,0.8341667333386671,0.0009400752060164813,0.14291143291463315,0.05939303046737365,train
2001,68,7092,49996,2,80,0,0.0002820078962210942,0.011280315848843767,0.13930946354918028,0.14093904643235186,0.022074156891344274,0.8386163795594753,0.022021761740939276,0.8357668613489079,0.0009400752060164813,0.14127130170413638,0.05965828906002246,train
2001,69,7010,49996,7,75,0,0.0009985734664764623,0.010699001426533523,0.1376798806660087,0.13930946354918028,0.022213267625273554,0.8401068517087176,0.022161772941835346,0.8372669813585086,0.0009400752060164813,0.1396311704936395,0.06059728934198816,train
2001,70,6929,49996,6,72,0,0.0008659258190215039,0.010391109828258046,0.13613001334143823,0.1376798806660087,0.02233248818870205,0.8415374984698595,0.022281782542603407,0.8387070965677255,0.0009400752060164813,0.1380710456836547,0.06141074240360567,train
2001,71,6852,49996,2,104,0,0.0002918855808523059,0.015178050204319907,0.13402409077661154,0.13613001334143823,0.02237222257671765,0.8436036866466705,0.02232178574285943,0.8407872629810385,0.0009400752060164813,0.1359508760700856,0.06168470307424101,train
2001,72,6746,49996,7,68,0,0.0010376519418914913,0.010080047435517344,0.1325340512260266,0.13402409077661154,0.02251129293477224,0.8449546558392008,0.0224617969437555,0.8421473717897432,0.0009400752060164813,0.13445075606048484,0.06265834776420254,train
2001,73,6671,49996,6,73,1,0.000899415380002998,0.01094288712336981,0.13096454289941048,0.1325340512260266,0.022630496098819033,0.8464049610017701,0.02258180654452356,0.843607488599088,0.0009600768061444916,0.13285062805024406,0.06350140726254083,train
2001,74,6591,49996,5,77,0,0.0007586102260658474,0.011682597481414049,0.12933518581888376,0.13096454289941048,0.022729847140314566,0.8479349670408013,0.022681814545163614,0.8451476118089447,0.0009600768061444916,0.13121049683974717,0.06421184467168772,train
2001,75,6511,49996,6,78,0,0.0009215174320380894,0.011979726616495162,0.12766660102257193,0.12933518581888376,0.022849031768622553,0.8494843672088052,0.022801824145931675,0.8467077366189295,0.0009600768061444916,0.1295303624289943,0.06507418976951751,train
2001,76,6429,49996,2,67,0,0.00031109037175299425,0.010421527453725307,0.12629640418471885,0.12766660102257193,0.022888747618995106,0.8508148481962857,0.022841827346187695,0.8480478438275062,0.0009600768061444916,0.12815025202016161,0.06536503618738365,train
2001,77,6360,49996,4,84,0,0.0006289308176100629,0.013207547169811321,0.12454890676832651,0.12629640418471885,0.022968179319740212,0.852482913911933,0.022921833746699736,0.8497279782382591,0.0009600768061444916,0.12639011120889676,0.06595285691934127,train
2001,78,6276,49996,7,68,0,0.0011153601019757808,0.010834926704907584,0.12306051161096124,0.12454890676832651,0.023107096201094305,0.8538323921879442,0.02306184494759581,0.8510880870469637,0.0009600768061444916,0.12488999119929589,0.06699465583609787,train
2001,79,6203,49996,4,77,0,0.0006448492664839593,0.012413348379816218,0.12145356312789052,0.12306051161096124,0.023186451681739773,0.8553599851903696,0.02314185134810785,0.8526282102568206,0.0009600768061444916,0.12326986158892717,0.0675963036479077,train
2001,80,6130,49996,7,59,0,0.0011419249592169657,0.009624796084828711,0.12014590649388714,0.12145356312789052,0.023325142536861344,0.8565289509692514,0.02328186254900392,0.8538083046643732,0.0009600768061444916,0.12194975598047841,0.06866103870083828,train
2001,81,6067,49996,7,57,0,0.0011537827591890555,0.009395088181968023,0.1188785028321748,0.12014590649388714,0.02346376481236113,0.8576577323554639,0.023421873749899992,0.8549483958716697,0.0009600768061444916,0.12066965357228576,0.06973560153734637,train
2001,82,6003,49996,4,63,0,0.0006663334999167084,0.010494752623688156,0.11755168962381969,0.1188785028321748,0.023542977541218153,0.8589053328349621,0.023501880150412033,0.8562084966797344,0.0009600768061444916,0.11932954636370907,0.07035546786982194,train
2001,83,5937,49996,5,70,0,0.0008421761832575374,0.011790466565605525,0.11606670112427674,0.11755168962381969,0.023641976774521015,0.8602913221012022,0.023601888151052085,0.8576086086886952,0.0009600768061444916,0.11782942635410831,0.07113839235367758,train
2001,84,5862,49996,6,65,0,0.0010235414534288639,0.011088365745479358,0.11466091201137608,0.11606670112427674,0.02376077585448445,0.8615783121341394,0.023721897751820147,0.8589087126970157,0.0009600768061444916,0.11640931274501964,0.07208912071360218,train
2001,85,5791,49996,9,72,0,0.001554135727853566,0.012433085822828528,0.1130571244318697,0.11466091201137608,0.023938974474429605,0.8630039010937006,0.023901912152972236,0.8603488279062325,0.0009600768061444916,0.11478918313465081,0.07353122016336522,train
2001,86,5716,49996,10,78,0,0.0017494751574527643,0.01364590622813156,0.1113165668828836,0.1130571244318697,0.024136765104996207,0.8645466680121201,0.02410192815425234,0.8619089527162173,0.0009600768061444916,0.11302904232338584,0.07515205427784499,train
2001,87,5639,49996,6,64,0,0.001064018442986345,0.011349530058521014,0.10993473328086165,0.1113165668828836,0.02425520798516952,0.8658100587339688,0.024221937755020403,0.8631890551244099,0.0009600768061444916,0.11162893031442511,0.07613610954905137,train
2001,88,5569,49996,6,76,0,0.0010773927096426647,0.01364697432214042,0.10831601391849305,0.10993473328086165,0.024373650865342832,0.8673103352161641,0.024341947355788464,0.8647091767341387,0.0009600768061444916,0.10998879910392834,0.07713147376932539,train
2001,89,5490,49996,11,89,0,0.0020036429872495446,0.01621129326047359,0.1063430446303602,0.10831601391849305,0.024590677487037443,0.8690662778826023,0.024561964957196574,0.8664893191455316,0.0009600768061444916,0.10798863909112733,0.07898057282006077,train
2001,90,5390,49996,9,88,0,0.0016697588126159556,0.0163265306122449,0.10442926442087135,0.1063430446303602,0.024768244722969398,0.8708024908561591,0.024741979358348667,0.8682494599567966,0.0009600768061444916,0.10604848387871024,0.08051845312518502,train
2001,91,5295,49996,5,89,1,0.0009442870632672333,0.016808309726156753,0.10257537379659147,0.10442926442087135,0.02486685592638854,0.8725577702770199,0.02484198735898872,0.8700296023681895,0.0009800784062725019,0.10414833186654937,0.08138670765481182,train
2001,92,5200,49996,6,92,1,0.001153846153846154,0.01769230769230769,0.10064222252119417,0.10257537379659147,0.02498521212692307,0.8743725653518827,0.02496199695975678,0.8718697495799664,0.001000080006400512,0.1021681734538763,0.08244664606905627,train
2001,93,5101,49996,12,77,0,0.002352479905900804,0.015095079396196824,0.09888626137546074,0.10064222252119417,0.025221970933089376,0.8758917676914498,0.025202016161292903,0.8734098727898232,0.001000080006400512,0.1003880310424834,0.08460517189677075,train
2001,94,5013,49996,10,91,0,0.001994813484939158,0.01815280271294634,0.09689393893402416,0.09888626137546074,0.025419230580756364,0.8776868304852194,0.025402032162573005,0.8752300184014721,0.001000080006400512,0.09836786942955433,0.08643121384391461,train
2001,95,4912,49996,11,99,0,0.002239413680781759,0.02015472312703583,0.09472408280968732,0.09689393893402416,0.02563621619319005,0.8796397009971225,0.02562204976398112,0.8772101768141451,0.001000080006400512,0.09616769341547327,0.08847707228196755,train
2001,96,4803,49996,13,61,0,0.0027066416822819073,0.012700395586092025,0.09326466533562593,0.09472408280968732,0.025892600344038674,0.8808427343203353,0.025882070565645253,0.8784302744219538,0.001000080006400512,0.09468757500600045,0.09094423823248476,train
2001,97,4729,49996,10,81,0,0.002114611968703743,0.017128356946500316,0.09146997627968557,0.09326466533562593,0.02608981892161454,0.8824402047986998,0.026082086566925355,0.8800504040323226,0.001000080006400512,0.09286742939435155,0.09286653842653747,train
2001,98,4638,49996,8,64,0,0.0017248814144027599,0.013799051315222079,0.09005000252113936,0.09146997627968557,0.02624759378367523,0.8837024036951853,0.026242099367949436,0.8813305064405152,0.001000080006400512,0.09142731418513483,0.09443123607478832,train
2001,99,4566,49996,15,62,0,0.0032851511169513796,0.01357862461673237,0.08853141947380522,0.09005000252113936,0.026543421650039024,0.8849251588761556,0.02654212336986959,0.8825706056484519,0.001000080006400512,0.08988719097527798,0.09740616631107346,train
2001,100,4489,49996,10,61,0,0.0022276676319893073,0.013588772555134774,0.08713116757301657,0.08853141947380522,0.02674064022761489,0.8861281921993684,0.026742139371149692,0.8837907032562605,0.001000080006400512,0.0884670773661893,0.09941684537921547,train
2001,101,4418,49996,9,58,0,0.002037120869171571,0.013128112267994568,0.0858098031032583,0.08713116757301657,0.026918136947433165,0.8872720599493085,0.026922153772301786,0.8849507960636851,0.001000080006400512,0.08712697015761262,0.10125144211791781,train
2001,102,4351,49996,6,44,0,0.001378993334865548,0.01011261778901402,0.08482371021537898,0.0858098031032583,0.027036468093978683,0.8881398216906423,0.027042163373069847,0.8858308664693175,0.001000080006400512,0.08612689015121211,0.10249081038895724,train
2001,103,4301,49996,4,51,0,0.0009300162752848175,0.011857707509881422,0.08373900803871173,0.08482371021537898,0.02711535552500903,0.8891456364362792,0.027122169773581888,0.8868509480758461,0.001000080006400512,0.08502680214417158,0.10332550854251321,train
2001,104,4246,49996,6,66,1,0.001413094677343382,0.015544041450777202,0.0823190342801655,0.08373900803871173,0.027233686671554548,0.8904472790482799,0.02724217937434995,0.8881710536842947,0.0010200816065285222,0.0835666853348268,0.1045925944937014,train
2001,105,4173,49996,6,57,1,0.0014378145219266715,0.013659237958303379,0.08107625949951598,0.0823190342801655,0.027352046174473548,0.8915716943260105,0.02736218897511801,0.8893111448915914,0.0010400832066565326,0.08228658292663416,0.10588002426437904,train
2001,106,4109,49996,9,55,0,0.0021903139449987834,0.013385251886103676,0.07981345088234172,0.08107625949951598,0.027529628636263678,0.8926569204813946,0.027542203376270103,0.8904112328986319,0.0010400832066565326,0.0810064805184415,0.10783842771573471,train
2001,107,4046,49996,8,72,0,0.001977261492832427,0.017795353435491844,0.07823533025194446,0.07981345088234172,0.027687440699303404,0.8940772290487521,0.027702216177294185,0.8918513481078486,0.0010400832066565326,0.0794063525082006,0.10960246443799715,train
2001,108,3968,49996,6,48,0,0.0015120967741935483,0.012096774193548387,0.07717063573742707,0.07823533025194446,0.027805740089805336,0.8950236241727676,0.027822225778062246,0.8928114249139931,0.0010400832066565326,0.07832626610128812,0.11094883167927028,train
2001,109,3914,49996,4,47,0,0.001021972406745018,0.01200817577925396,0.07616509091816064,0.07717063573742707,0.027884606350139958,0.8959503027316994,0.027902232178574286,0.8937515001200096,0.0010400832066565326,0.07730618449475957,0.11185741744147848,train
2001,110,3864,49996,8,65,0,0.002070393374741201,0.016821946169772256,0.074726154159096,0.07616509091816064,0.02804229804976348,0.8972315477911406,0.028062244979598368,0.8950516041283303,0.0010400832066565326,0.0758460676854148,0.11369622196023321,train
2001,111,3791,49996,5,51,0,0.0013189132155104195,0.013452914798206279,0.07362231226173135,0.074726154159096,0.02814085536202818,0.8982368323762403,0.02816225298023842,0.8960716857348587,0.0010400832066565326,0.07472597807824621,0.11486517972604682,train
2001,112,3735,49996,2,52,0,0.000535475234270415,0.013922356091030789,0.07255789328927259,0.07362231226173135,0.028180278286934063,0.8992618284237932,0.02820225618049444,0.8971117689415153,0.0010400832066565326,0.07364589167133373,0.11533914750129393,train
2001,113,3681,49996,8,46,0,0.0021733224667209996,0.012496604183645748,0.07149347431681383,0.07255789328927259,0.028337969986557583,0.9001685556966285,0.028362268981518522,0.8980318425474038,0.0010400832066565326,0.07256580526442113,0.11726180080745785,train
2001,114,3628,49996,5,50,0,0.0013781697905181918,0.013781697905181918,0.070409642705065,0.07149347431681383,0.028436500133080203,0.9011538571618547,0.02846227698215857,0.8990319225538043,0.0010400832066565326,0.0714657172573806,0.11847836392652145,train
2001,115,3573,49996,1,47,0,0.000279876854184159,0.013154212146655471,0.06946375329844784,0.070409642705065,0.02845620616238473,0.9020800405391673,0.028482278582286583,0.8999719977598208,0.0010400832066565326,0.07050564045123608,0.11872508142892102,train
2001,116,3525,49996,3,64,0,0.000851063829787234,0.018156028368794326,0.06814344933504471,0.06946375329844784,0.0285153242502983,0.9033412264146569,0.028542283382670612,0.9012521001680135,0.0010400832066565326,0.0691655332426594,0.11947510263621564,train
2001,117,3458,49996,6,49,0,0.001735106998264893,0.01417004048582996,0.06705961772329588,0.06814344933504471,0.028633560426125446,0.9043068218505785,0.028662292983438677,0.902232178574286,0.0010400832066565326,0.06806544523561886,0.12100290754777798,train
2001,118,3403,49996,1,61,0,0.0002938583602703497,0.01792535997649133,0.06583784390641538,0.06705961772329588,0.02865326645542997,0.9055088896381545,0.028682294583566685,0.9034522761820946,0.0010400832066565326,0.0668253460276822,0.12126120819204844,train
2001,119,3341,49996,2,79,0,0.000598623166716552,0.0236456150853038,0.06424165553274892,0.06583784390641538,0.02869267851403902,0.9070656659532119,0.028722297783822705,0.9050324025922074,0.0010400832066565326,0.06520521641731336,0.12178724159031717,train
2001,120,3260,49996,9,67,2,0.0027607361963190185,0.020552147239263803,0.06274399730560508,0.06424165553274892,0.028870032777779737,0.908385969916615,0.0289023121849748,0.9063725098007841,0.001080086406912553,0.06364509160732856,0.12421175534052797,train
2002,0,41572,49995,0,34,0,0.0,0.0008178581737708073,0.9991821418262292,1.0,0.0,0.0008178581737708073,0.0,0.0006800680068006801,0.0,0.9993199319931994,0.0,train
2002,1,47016,49995,0,113,1,0.0,0.0024034371277862855,0.9967806703691431,0.9991821418262292,0.0,0.003219329630856989,0.0,0.00294029402940294,2.0002000200020003e-05,0.9970397039703971,0.0,train
2002,2,48208,49995,0,281,1,0.0,0.005828908065051444,0.990970527480541,0.9967806703691431,0.0,0.009029472519459073,0.0,0.00856085608560856,4.0004000400040005e-05,0.9913991399139914,0.0,train
2002,3,48391,49995,18,557,5,0.0003719699944204501,0.011510404827343928,0.9791954442356957,0.990970527480541,0.00036861130157776734,0.020435944462726653,0.00036003600360036,0.019701970197019702,0.00014001400140014,0.9797979797979798,0.0003719699944204624,train
2002,4,48069,49995,17,734,4,0.00035365828288501947,0.01526971644927084,0.9638971068743816,0.9791954442356957,0.0007149118809949974,0.03538798124462352,0.0007000700070007,0.03438343834383439,0.00022002200220022002,0.9646964696469646,0.0007254967270359236,train
2002,5,47479,49995,22,1041,2,0.00046336274984730094,0.021925482845047285,0.9423165633792056,0.9638971068743816,0.0011615458950061685,0.05652189072578848,0.00114011401140114,0.05520552055205521,0.00026002600260026,0.9433943394339434,0.0011885233087247649,train
2002,6,46585,49995,27,1286,0,0.0005795857035526457,0.027605452398840827,0.9157573351358461,0.9423165633792056,0.0017076991033616166,0.08253496576079242,0.0016801680168016802,0.08092809280928093,0.00026002600260026,0.9171317131713171,0.0017674201611593832,train
2002,7,45373,49995,22,1488,4,0.00048486985652260157,0.03279483393207414,0.8852812022802904,0.9157573351358461,0.0021517222310584545,0.11256707548865125,0.00212021202120212,0.11069106910691069,0.00034003400340034003,0.8868486848684869,0.002251433048922058,train
2002,8,43923,49995,27,1729,0,0.0006147121098285637,0.03936434214420691,0.849888497064249,0.8852812022802904,0.0026959153067037393,0.14741558762904744,0.0026602660266026603,0.14527452745274527,0.00034003400340034003,0.8517251725172517,0.0028647611755909796,train
2002,9,42209,49995,16,1768,2,0.000379066075955365,0.04188680139306783,0.8139672224838841,0.849888497064249,0.003018079204285487,0.18301469831183054,0.00298029802980298,0.18063806380638064,0.00038003800380038006,0.816001600160016,0.0032427413177690267,train
2002,10,40472,49995,12,1763,0,0.00029650128483890096,0.0435609804309152,0.778268669906574,0.8139672224838841,0.0032594215315687102,0.21847190856185741,0.0032203220322032204,0.2159015901590159,0.00038003800380038006,0.7804980498049805,0.0035382811256408075,train
2002,11,38716,49995,23,1672,2,0.0005940696352929022,0.04318627957433619,0.7441957957591506,0.778268669906574,0.0037217673164600005,0.2520824369243895,0.00368036803680368,0.24934493449344936,0.00042004200420042004,0.7465546554655466,0.004130248775555789,train
2002,12,37037,49995,23,1602,2,0.000621000621000621,0.04325404325404325,0.7115441725685947,0.7441957957591506,0.004183913367772484,0.2842719140636329,0.004140414041404141,0.28138813881388136,0.00046004600460046,0.714011401140114,0.004748684509501833,train
2002,13,35424,49995,22,1451,1,0.0006210478771454381,0.04096093044263776,0.6819567582112793,0.7115441725685947,0.004625816365641418,0.3134174254230793,0.0045804580458045805,0.3104110411041104,0.00048004800480048006,0.6845284528452845,0.005366783226213423,train
2002,14,33958,49995,17,1341,2,0.0005006184109782672,0.03948995818363861,0.6546849142378145,0.6819567582112793,0.004967216474293039,0.3403478692878925,0.004920492049204921,0.33723372337233726,0.00052005200520052,0.6573257325732573,0.005864714926700931,train
2002,15,32606,49995,17,1286,0,0.0005213764337851929,0.03944059375575047,0.6285224152115042,0.6546849142378145,0.005308553760131315,0.3661690310283645,0.00526052605260526,0.36295629562956294,0.00052005200520052,0.6312631263126313,0.006383033636332525,train
2002,16,31316,49995,19,1256,1,0.0006067186102950568,0.040107293396346916,0.6029327460521394,0.6285224152115042,0.005689890006427732,0.3913773639414329,0.00564056405640564,0.3880788078807881,0.00054005400540054,0.6057405740574058,0.006985879541330231,train
2002,17,30045,49995,21,1186,2,0.0006989515726410385,0.03947412215010817,0.5787110843951272,0.6029327460521394,0.006111310797477655,0.4151776048073952,0.006060606060606061,0.4118011801180118,0.00058005800580058,0.5815581558155816,0.007679948322479535,train
2002,18,28844,49995,16,907,1,0.000554708084870337,0.031445014561087226,0.5601924902023417,0.5787110843951272,0.006432326514795712,0.4333751832828625,0.00638063806380638,0.42994299429942995,0.0006000600060006001,0.563076307630763,0.00823039627792399,train
2002,19,27927,49995,21,758,1,0.0007519604683639488,0.02714219214380349,0.5445663953884475,0.5601924902023417,0.006853569122102231,0.44858003548945025,0.006800680068006801,0.4451045104510451,0.0006200620062006201,0.5474747474747474,0.008976167813647962,train
2002,20,27152,49995,20,669,0,0.0007365939893930466,0.024639068945197407,0.5307476620935654,0.5445663953884475,0.007254693455770799,0.4619976444506638,0.0072007200720072,0.45848584858485847,0.0006200620062006201,0.5336933693369337,0.009706150011781767,train
2002,21,26467,49995,21,626,1,0.0007934408886537953,0.02365209506177504,0.5177732510392511,0.5307476620935654,0.007675810352433242,0.4745509386083157,0.007620762076207621,0.471007100710071,0.0006400640064006401,0.5207320732073207,0.010491889644144714,train
2002,22,25821,49995,26,587,0,0.0010069323418922583,0.022733434026567523,0.5054811243637907,0.5177732510392511,0.008197172984671364,0.4863217026515379,0.00814081408140814,0.4827482748274827,0.0006400640064006401,0.5084708470847085,0.011488257363026722,train
2002,23,25214,49995,10,617,0,0.0003966050606805743,0.024470532243991434,0.4929112558393163,0.5054811243637907,0.008397649356672551,0.4986910948040111,0.008340834083408341,0.4950895089508951,0.0006400640064006401,0.49592959295929595,0.011880306122698747,train
2002,24,24598,49995,20,599,0,0.0008130742336775348,0.024351573298642164,0.4805073178214069,0.4929112558393163,0.008798422798285134,0.510694259380308,0.008740874087408741,0.5070707070707071,0.0006400640064006401,0.48354835483548353,0.012683720785579666,train
2002,25,23987,49995,24,521,0,0.001000541960228457,0.02172009838662609,0.4695898838691549,0.4805073178214069,0.009279190531962283,0.5211309255988827,0.00922092209220922,0.5174917491749175,0.0006400640064006401,0.47264726472647267,0.013671572150950384,train
2002,26,23449,49995,14,495,0,0.0005970403855175061,0.02110964220222611,0.45939664531359176,0.4695898838691549,0.009559554657262645,0.5310438000291455,0.009500950095009501,0.5273927392739274,0.0006400640064006401,0.4624662466246625,0.014260450055760265,train
2002,27,22944,49995,15,449,0,0.000653765690376569,0.019569386331938634,0.4501061971168734,0.45939664531359176,0.009859892422242765,0.5400339104608838,0.0098009800980098,0.5363736373637363,0.0006400640064006401,0.4531853185318532,0.014904892753161092,train
2002,28,22482,49995,16,432,0,0.0007116804554754915,0.01921537229783827,0.44113690718233195,0.4501061971168734,0.010180224205619244,0.5486828686120487,0.01012101210121012,0.545014501450145,0.0006400640064006401,0.44422442244224425,0.015605965687773282,train
2002,29,22036,49995,24,415,0,0.0010891268832819024,0.018832819023416228,0.4323486015799974,0.44113690718233195,0.010660678270439355,0.5569907201495632,0.0106010601060106,0.5533153315331533,0.0006400640064006401,0.43544354435443544,0.016678095694285022,train
2002,30,21600,49995,14,408,0,0.0006481481481481481,0.01888888888888889,0.42390179093801783,0.4323486015799974,0.010940904215907871,0.5651573048460743,0.010881088108810881,0.5614761476147615,0.0006400640064006401,0.42700270027002696,0.017315433965594318,train
2002,31,21184,49995,8,402,0,0.00037764350453172205,0.018976586102719035,0.41569749834527875,0.42390179093801783,0.011100987973814974,0.5732015136809062,0.011041104110411041,0.5695169516951695,0.0006400640064006401,0.4188018801880188,0.01768653840896095,train
2002,32,20778,49995,21,378,0,0.0010106843777071904,0.018192318798729425,0.4077148579641176,0.41569749834527875,0.011521126941244509,0.5807640150946378,0.011461146114611461,0.577077707770777,0.0006400640064006401,0.4108210821082108,0.018679347278602543,train
2002,33,20383,49995,12,361,0,0.0005887258990335084,0.017710837462591375,0.40025385408732733,0.4077148579641176,0.011761159237548753,0.5879849866751239,0.011701170117011701,0.5842984298429843,0.0006400640064006401,0.40336033603360333,0.019257076162116027,train
2002,34,20017,49995,16,383,0,0.0007993205775091172,0.019133736324124493,0.3922755712387065,0.40025385408732733,0.012081090379348085,0.5956433383819454,0.01202120212021202,0.591959195919592,0.0006400640064006401,0.39537953795379543,0.020041004162386078,train
2002,35,19620,49995,13,341,4,0.0006625891946992864,0.017380224260958206,0.38519781628363503,0.3922755712387065,0.012341007934195342,0.6024611757821696,0.012281228122812281,0.5987798779877987,0.00072007200720072,0.38821882188218826,0.02069031440427649,train
2002,36,19267,49995,22,306,7,0.0011418487569419215,0.015882078164737634,0.3786402368088319,0.38519781628363503,0.012780845581895553,0.6085789176092725,0.012721272127212722,0.6049004900490049,0.0008600860086008601,0.38151815181518156,0.021808537951435114,train
2002,37,18932,49995,10,276,3,0.0005282062117050497,0.014578491443059371,0.37292023323143253,0.3786402368088319,0.012980845706979448,0.614098921061588,0.01292129212921292,0.6104210421042104,0.00092009200920092,0.3757375737573757,0.022325224757925977,train
2002,38,18648,49995,8,289,0,0.000429000429000429,0.015497640497640498,0.36698086658247636,0.37292023323143253,0.013140828647018673,0.619878304770505,0.01308130813081308,0.6162016201620162,0.00092009200920092,0.36979697969796976,0.022744647655927652,train
2002,39,18356,49995,11,257,0,0.0005992590978426672,0.014000871649596862,0.36162289794856356,0.36698086658247636,0.013360745270052408,0.6250163567813841,0.013301330133013302,0.6213421342134213,0.00092009200920092,0.36443644364436445,0.023330276816735274,train
2002,40,18090,49995,7,240,2,0.0003869541182974019,0.013266998341625208,0.3566853160915544,0.36162289794856356,0.013500676739684246,0.6298140071687615,0.013441344134413441,0.6261426142614261,0.0009600960096009601,0.3594559455945594,0.02370820318833744,train
2002,41,17841,49995,9,245,0,0.0005044560282495376,0.013732414102348524,0.35160723356886764,0.3566853160915544,0.013680608797574722,0.6347121576335577,0.013621362136213622,0.6310431043104311,0.0009600960096009601,0.35437543754375433,0.024200699470569687,train
2002,42,17588,49995,8,198,0,0.00045485558335228563,0.01125767568796907,0.3474890228504695,0.35160723356886764,0.013840539310910572,0.63867043783862,0.013781378137813782,0.635003500350035,0.0009600960096009601,0.3502550255025503,0.024644547230646685,train
2002,43,17384,49995,12,211,0,0.0006902899217671422,0.012137597791072251,0.3430314726838994,0.3474890228504695,0.014080407481308963,0.6428881198347917,0.014021402140214021,0.6392239223922392,0.0009600960096009601,0.3457945794579458,0.02531782526983395,train
2002,44,17161,49995,18,184,0,0.0010488899248295553,0.010721985898257678,0.33899369181552647,0.3430314726838994,0.01444020973690655,0.646566098447567,0.014381438143814382,0.642904290429043,0.0009600960096009601,0.3417541754175417,0.026340159582819322,train
2002,45,16961,49995,11,170,1,0.0006485466658805495,0.010022993927244856,0.33537610687250363,0.33899369181552647,0.014660062965488049,0.6499638301620083,0.014601460146014602,0.6463046304630463,0.0009800980098009801,0.33811381138113816,0.02697162342602366,train
2002,46,16780,49995,5,155,0,0.0002979737783075089,0.009237187127532777,0.3321782417295,0.33537610687250363,0.014759996251206912,0.6530617620192931,0.014701470147014702,0.6494049404940494,0.0009800980098009801,0.33491349134913495,0.027261560367791815,train
2002,47,16624,49995,11,140,0,0.0006616939364773821,0.008421559191530318,0.32916098267625443,0.3321782417295,0.014979796579589042,0.6558592207441566,0.014921492149214921,0.6522052205220522,0.0009800980098009801,0.33189318931893186,0.027905215495075075,train
2002,48,16474,49995,12,159,0,0.0007284205414592692,0.009651572174335316,0.3257442940737511,0.32916098267625443,0.015219564200817343,0.6590361417254316,0.015161516151615161,0.6553855385538554,0.0009800980098009801,0.3284728472847285,0.028613309304353907,train
2002,49,16306,49995,8,167,1,0.0004906169508156506,0.010241628848276708,0.32224832624209976,0.3257442940737511,0.015379379873121404,0.6623722938847788,0.015321532153215321,0.6587258725872587,0.001000100010001,0.32495249524952496,0.029089888080605864,train
2002,50,16132,49995,16,149,0,0.0009918175055789735,0.009236300520704191,0.31895233232752335,0.32224832624209976,0.01569899140423184,0.6653486762682448,0.01564156415641564,0.6617061706170617,0.001000100010001,0.3216521652165216,0.030052853725951123,train
2002,51,15967,49995,7,176,1,0.00043840420868040335,0.011022734389678712,0.3152967754404477,0.31895233232752335,0.01583882144909266,0.6688644031104596,0.015781578157815782,0.6652265226522652,0.00102010201020102,0.317971797179718,0.030478082637075188,train
2002,52,15785,49995,10,144,1,0.0006335128286347799,0.00912258473234083,0.3122207093385897,0.3152967754404477,0.01603856600116136,0.6717407246602489,0.015981598159815983,0.6681068106810681,0.00104010401040104,0.3148714871487148,0.031092287209367186,train
2002,53,15633,49995,3,143,0,0.00019190174630589137,0.009147316573914157,0.3093048119699826,0.3122207093385897,0.0160984817005163,0.6745967063295011,0.016041604160416043,0.6709670967096709,0.00104010401040104,0.31195119511951197,0.03127822229146093,train
2002,54,15487,49995,9,158,0,0.0005811325627946019,0.010202104991283012,0.30596950470589096,0.3093048119699826,0.016278228798581117,0.6777522664955279,0.01622162216221622,0.6741274127412741,0.00104010401040104,0.3086108610861086,0.03184117806077558,train
2002,55,15320,49995,8,143,0,0.0005221932114882506,0.00933420365535248,0.302953747838359,0.30596950470589096,0.016438003996860955,0.68060824816478,0.01638163816381638,0.676987698769877,0.00104010401040104,0.3055905590559056,0.03234674402523474,train
2002,56,15172,49995,9,142,0,0.0005931979963089902,0.00935934616398629,0.29993858728447076,0.302953747838359,0.01661771555305297,0.6834436971624762,0.016561656165616563,0.6798279827982798,0.00104010401040104,0.3025702570257026,0.03292075399780081,train
2002,57,15022,49995,7,113,0,0.00046598322460391424,0.0075223006257489015,0.2975425927115686,0.29993858728447076,0.01675748190313893,0.6856999253852925,0.0167016701670167,0.6820882088208821,0.00104010401040104,0.3001700170017002,0.03337139670330047,train
2002,58,14903,49995,3,154,0,0.00020130175132523654,0.010333489901362142,0.29440804348955174,0.2975425927115686,0.01681737774814562,0.6887745787623025,0.01676167616761676,0.6851685168516851,0.00104010401040104,0.29702970297029707,0.03356598073402517,train
2002,59,14749,49995,7,145,0,0.00047460844803037496,0.009831174994914909,0.2913739379494872,0.29440804348955174,0.016957106292753855,0.6916689557577588,0.0169016901690169,0.688068806880688,0.00104010401040104,0.29398939893989395,0.0340246584840328,train
2002,60,14598,49995,7,123,0,0.00047951774215645977,0.008425811755034936,0.2887791570251528,0.2913739379494872,0.01709682526560263,0.6941240177092444,0.017041704170417043,0.6905290529052905,0.00104010401040104,0.2913891389138914,0.034487860798775416,train
2002,61,14468,49995,8,126,0,0.000552944429084877,0.008708874758086812,0.286104536687762,0.2887791570251528,0.017256504091715516,0.6966389592205223,0.017201720172017203,0.6930493049304931,0.00104010401040104,0.28870887088708874,0.03502173535736053,train
2002,62,14335,49995,14,141,0,0.0009766306243460064,0.009836065573770493,0.2830109752516543,0.286104536687762,0.01753592254400911,0.6994531022043364,0.017481748174817482,0.6958695869586958,0.00104010401040104,0.28560856085608566,0.03596416268243885,train
2002,63,14181,49995,14,142,0,0.000987236443128129,0.010013398208871024,0.279897674910405,0.2830109752516543,0.01781532129258278,0.7022870037970121,0.01776177617761776,0.6987098709870987,0.00104010401040104,0.28248824882488244,0.03691589399352002,train
2002,64,14030,49995,8,122,2,0.0005702066999287242,0.008695652173913044,0.27730418255556877,0.279897674910405,0.017974920822111166,0.70472089662232,0.01792179217921792,0.7011501150115012,0.00108010801080108,0.27984798479847983,0.03746505100335973,train
2002,65,13912,49995,5,108,0,0.000359401955146636,0.007763082231167337,0.27505178371796246,0.27730418255556877,0.01807458448749198,0.7068736317945454,0.01802180218021802,0.7033103310331034,0.00108010801080108,0.2775877587758776,0.03781098794592608,train
2002,66,13811,49995,9,148,0,0.0006516544783143871,0.010716095865614365,0.2719250637090044,0.27505178371796246,0.018253823214120148,0.7098211130768753,0.018201820182018203,0.7062706270627063,0.00108010801080108,0.27444744474447447,0.03843800272461606,train
2002,67,13662,49995,6,135,0,0.0004391743522178305,0.009881422924901186,0.26911863463690877,0.2719250637090044,0.01837324572782634,0.7125081196352647,0.018321832183218322,0.708970897089709,0.00108010801080108,0.27162716271627163,0.03886029609188679,train
2002,68,13530,49995,7,117,0,0.0005173688100517369,0.008647450110864745,0.2666522110822172,0.26911863463690877,0.018512479315591187,0.7148353096021914,0.018461846184618463,0.7113111311131113,0.00108010801080108,0.2691469146914691,0.03935755979679123,train
2002,69,13412,49995,12,129,1,0.000894721145243066,0.009618252311362959,0.2638489034649646,0.2666522110822172,0.018751058687272264,0.717400037847763,0.0187018701870187,0.7138913891389139,0.0011001100110011,0.26630663066306626,0.04021706690105886,train
2002,70,13274,49995,9,129,1,0.0006780171764351364,0.009718246195570287,0.261105860774128,0.2638489034649646,0.018929952775805087,0.7199641864500668,0.018881888188818884,0.7164716471647165,0.00112011201120112,0.26352635263526347,0.040867816215349184,train
2002,71,13139,49995,6,92,1,0.00045665575766801127,0.007002054950909506,0.2591583476942997,0.261105860774128,0.019049188270488453,0.7217924640352117,0.019001900190019003,0.7183118311831184,0.00114011401140114,0.2615461546154616,0.04130580944943907,train
2002,72,13046,49995,6,106,1,0.000459911083857121,0.008125095814809137,0.25693347149149715,0.2591583476942997,0.019168378067067157,0.7238981504414355,0.01912191219121912,0.7204320432043204,0.00116011601160116,0.25928592859285926,0.04174672353370268,train
2002,73,12935,49995,13,135,1,0.0010050251256281408,0.010436799381522999,0.2539936838006783,0.25693347149149715,0.019426602661530974,0.7265797135377905,0.019381938193819382,0.7231323132313231,0.0011801180118011802,0.25630563056305633,0.04270979215326687,train
2002,74,12787,49995,15,162,0,0.0011730663955579887,0.012669117072026276,0.25047785662990174,0.2539936838006783,0.01972455411668153,0.7297975892534165,0.019681968196819683,0.7263726372637264,0.0011801180118011802,0.2527652765276528,0.04383275712688861,train
2002,75,12611,49995,20,165,0,0.001585917056537943,0.01308381571643803,0.2468034134075933,0.25047785662990174,0.020121791221795957,0.7330747953706106,0.02008200820082008,0.7296729672967297,0.0011801180118011802,0.24906490649064905,0.04534915906626402,train
2002,76,12426,49995,11,199,0,0.0008852406244970224,0.016014807661355223,0.24263242380389183,0.2468034134075933,0.020340271629608893,0.7370273045664991,0.0203020302030203,0.7336533653365337,0.0011801180118011802,0.2448644864486449,0.04619425477286876,train
2002,77,12218,49995,9,186,0,0.0007366181044360779,0.015223440825012277,0.23875999602178685,0.24263242380389183,0.020518999065706048,0.7407210049125069,0.020482048204820483,0.7373737373737373,0.0011801180118011802,0.240964096409641,0.04689684535291816,train
2002,78,12028,49995,6,227,0,0.0004988360492184902,0.018872630528766213,0.23413486473869105,0.23875999602178685,0.020638101158832977,0.7452270341024758,0.020602060206020602,0.7419141914191419,0.0011801180118011802,0.23630363036303625,0.04737228756508005,train
2002,79,11798,49995,13,190,0,0.0011018816748601457,0.016104424478725208,0.23010626857476885,0.23413486473869105,0.0208960900757344,0.7489976413494968,0.020862086208620862,0.7457145714571457,0.0011801180118011802,0.23224322432243227,0.04842197058437614,train
2002,80,11596,49995,17,181,1,0.001466022766471197,0.015608830631252155,0.2261772377729575,0.23010626857476885,0.021233431104172747,0.7525893311228697,0.0212021202120212,0.7493349334933493,0.0012001200120012002,0.22826282628262828,0.04981700563957325,train
2002,81,11397,49995,12,175,0,0.0010529086601737299,0.015354917960866896,0.22246616086995294,0.2261772377729575,0.02147157507655807,0.756062264053489,0.021442144214421442,0.7528352835283528,0.0012001200120012002,0.2245224522452245,0.050817461543085085,train
2002,82,11212,49995,17,181,0,0.0015162326079200855,0.016143417766678558,0.21853748624881034,0.22246616086995294,0.021808885523827887,0.7596536282273617,0.02178217821782178,0.7564556455645565,0.0012001200120012002,0.22056205620562053,0.052256643058761876,train
2002,83,11016,49995,14,174,0,0.001270878721859114,0.01579520697167756,0.21480790678123804,0.21853748624881034,0.022086620165030078,0.7631054730537318,0.022062206220622063,0.7599359935993599,0.0012001200120012002,0.21680168016801682,0.053461109924881844,train
2002,84,10828,49995,16,154,0,0.0014776505356483192,0.014222386405615073,0.21143541470949714,0.21480790678123804,0.02240403118354687,0.7661605541069559,0.022382238223822383,0.763016301630163,0.0012001200120012002,0.21340134013401335,0.05485976362281331,train
2002,85,10660,49995,16,184,0,0.00150093808630394,0.01726078799249531,0.20746852137536023,0.21143541470949714,0.022721382650277823,0.7698100959743619,0.022702270227022703,0.7666966696669667,0.0012001200120012002,0.20940094009400945,0.056278360600490074,train
2002,86,10460,49995,15,154,0,0.0014340344168260039,0.014722753346080307,0.20411649650801456,0.20746852137536023,0.02301889965033809,0.7728646038416473,0.023002300230023004,0.7697769776977698,0.0012001200120012002,0.206020602060206,0.057631689911292416,train
2002,87,10292,49995,10,175,0,0.000971628449280995,0.01700349786241741,0.20044747670098165,0.20411649650801456,0.023217225045312845,0.7763352982537055,0.0232023202320232,0.7732773277327732,0.0012001200120012002,0.20232023202320237,0.05854732177107547,train
2002,88,10107,49995,10,158,2,0.0009894132779261898,0.0156327297912338,0.19711561006540582,0.20044747670098165,0.0234155504402876,0.7794688394943066,0.023402340234023402,0.7764376437643764,0.0012401240124012402,0.1989198919891989,0.059478807551454405,train
2002,89,9937,49995,8,141,0,0.0008050719533058267,0.014189393177015196,0.19415996692363813,0.19711561006540582,0.023574242689510024,0.7822657903868518,0.023562356235623562,0.7792579257925792,0.0012401240124012402,0.19593959395939597,0.060235994784984426,train
2002,90,9789,49995,11,137,1,0.0011237102870569006,0.01399530084789049,0.19122446022175862,0.19415996692363813,0.023792422241676745,0.7849831175365646,0.02378237823782378,0.781998199819982,0.0012601260126012602,0.19295929592959293,0.0612920172650504,train
2002,91,9641,49995,16,144,0,0.0016595788818587283,0.014936209936728555,0.18805093946296997,0.19122446022175862,0.02410977431755561,0.7878392862194744,0.0241024102410241,0.7848784878487849,0.0012601260126012602,0.18975897589758972,0.06284987720942958,train
2002,92,9481,49995,12,155,0,0.0012656892732834089,0.016348486446577364,0.1847385771709843,0.18805093946296997,0.02434778837446476,0.7909136344545509,0.024342434243424343,0.787978797879788,0.0012601260126012602,0.18641864186418644,0.06403601806730186,train
2002,93,9314,49995,5,147,0,0.0005368262830148165,0.0157826927206356,0.1817237324501351,0.1847385771709843,0.024446960898176905,0.7938293066516879,0.024442444244424443,0.790919091909191,0.0012601260126012602,0.18337833783378343,0.06453846813275854,train
2002,94,9162,49995,8,185,0,0.0008731717965509714,0.020192097795241212,0.17789567303484627,0.1817237324501351,0.024605636936116337,0.7974986900290373,0.024602460246024603,0.7946194619461946,0.0012601260126012602,0.1795179517951795,0.06535528675914337,train
2002,95,8970,49995,8,164,0,0.0008918617614269788,0.018283166109253065,0.17448451854632974,0.17789567303484627,0.024764295284419424,0.8007511861692508,0.024762476247624763,0.7978997899789979,0.0012601260126012602,0.17607760776077608,0.06618886063940255,train
2002,96,8798,49995,10,166,0,0.0011366219595362582,0.018867924528301886,0.17099403488366163,0.17448451854632974,0.024962618219798293,0.80404334689654,0.024962496249624964,0.8012201220122013,0.0012601260126012602,0.17255725572557257,0.0672502508864593,train
2002,97,8622,49995,7,176,0,0.0008118765947575968,0.020412897239619577,0.16736472516622833,0.17099403488366163,0.0251014442745635,0.8075338305592081,0.0251025102510251,0.8047404740474048,0.0012601260126012602,0.16889688968896888,0.06800752857653058,train
2002,98,8440,49995,13,152,1,0.0015402843601895735,0.01800947867298578,0.16409278444911604,0.16736472516622833,0.025359233543184468,0.8105479820076994,0.025362536253625362,0.8077807780778078,0.0012801280128012802,0.16557655765576562,0.06944306200407857,train
2002,99,8278,49995,10,122,0,0.0012080212611741967,0.0147378593863252,0.1614761804931746,0.16409278444911604,0.025557461115604276,0.812966358391221,0.025562556255625563,0.8102210221022103,0.0012801280128012802,0.1629362936293629,0.07056719456991078,train
2002,100,8146,49995,7,141,1,0.000859317456420329,0.017309108765038054,0.15854241242136147,0.1614761804931746,0.02569622041629814,0.8157613671623403,0.025702570257025704,0.8130413041304131,0.0013001300130013002,0.15995599559955997,0.07136587240418657,train
2002,101,7997,49995,12,106,0,0.0015005627110166312,0.013254970613980243,0.15620303457145265,0.15854241242136147,0.025934123248492254,0.8178628421800549,0.025942594259425942,0.8151615161516151,0.0013001300130013002,0.15759575957595762,0.07275934614823432,train
2002,102,7879,49995,12,135,0,0.001523035918263739,0.017134154080467066,0.15328872487707476,0.15620303457145265,0.02617202608068637,0.8205392490422387,0.026182618261826184,0.8178617861786178,0.0013001300130013002,0.15465546554655463,0.0741715669689249,train
2002,103,7732,49995,9,115,0,0.0011639937920331091,0.014873254009311951,0.1508303956110689,0.15328872487707476,0.026350453204831953,0.822819151184099,0.026362636263626362,0.8201620162016202,0.0013001300130013002,0.15217521752175223,0.07524922551746083,train
2002,104,7608,49995,5,116,0,0.0006572029442691904,0.015247108307045216,0.14843154205311157,0.1508303956110689,0.026449579384912835,0.8251188785619754,0.026462646264626462,0.8224822482248225,0.0013001300130013002,0.1497549754975498,0.07585697444916595,train
2002,105,7487,49995,16,100,0,0.0021370375317216507,0.013356484573260318,0.14613181467523512,0.14843154205311157,0.026766783161171655,0.8271014021635931,0.026782678267826782,0.8244824482448245,0.0013001300130013002,0.14743474347434748,0.07783190277944685,train
2002,106,7371,49995,4,121,0,0.000542667209333876,0.01641568308234975,0.1436536601732131,0.14613181467523512,0.02684608410523636,0.8295002557215504,0.026862686268626864,0.8269026902690269,0.0013001300130013002,0.14493449344934495,0.07833233316730226,train
2002,107,7246,49995,10,147,0,0.001380071763731714,0.020287054926856198,0.14054109811867344,0.1436536601732131,0.02704433646539812,0.8324145654159283,0.02706270627062706,0.8298429842984298,0.0013001300130013002,0.1417941794179418,0.07960430068984248,train
2002,108,7089,49995,9,130,0,0.0012695725772323319,0.01833827056002257,0.13778539031242493,0.14054109811867344,0.02722276358954371,0.8349918460980312,0.027242724272427243,0.8324432443244324,0.0013001300130013002,0.13901390139013903,0.08077280982988921,train
2002,109,6950,49995,4,119,0,0.0005755395683453237,0.017122302158273383,0.13534688628243524,0.13778539031242493,0.027302064533608415,0.8373510491839562,0.02732273227322732,0.8348234823482348,0.0013001300130013002,0.13655365536553654,0.08130186145013096,train
2002,110,6827,49995,5,95,0,0.0007323861139592793,0.013915336165226307,0.1333643626808176,0.13534688628243524,0.027401190713689298,0.839234446605493,0.027422742274227422,0.8367236723672368,0.0013001300130013002,0.13455345534553453,0.08197470320972511,train
2002,111,6727,49995,6,129,0,0.0008919280511372082,0.01917645309944998,0.13068795581863382,0.1333643626808176,0.027520142129786356,0.8417919020515798,0.02754275427542754,0.8393039303930393,0.0013001300130013002,0.13185318531853185,0.08279351572358618,train
2002,112,6592,49995,5,99,0,0.000758495145631068,0.015018203883495146,0.1286261312729515,0.13068795581863382,0.02761926830986724,0.8437546004171813,0.02764276427642764,0.8412841284128413,0.0013001300130013002,0.12977297729772974,0.08348921238945117,train
2002,113,6488,49995,7,102,0,0.0010789149198520344,0.015721331689272502,0.1264651805471883,0.1286261312729515,0.027758044961980474,0.8457767744908313,0.027782778277827783,0.8433243324332433,0.0013001300130013002,0.12759275927592761,0.08447804955240956,train
2002,114,6379,49995,3,116,0,0.0004702931493964571,0.018184668443329676,0.12410597746126333,0.1264651805471883,0.027817520670029003,0.8480765018687078,0.027842784278427842,0.8456445644564456,0.0013001300130013002,0.12521252125212523,0.08490861325382715,train
2002,115,6260,49995,3,101,0,0.0004792332268370607,0.016134185303514376,0.12204415291558099,0.12410597746126333,0.027876996378077532,0.8500788507063416,0.0279027902790279,0.8476647664766477,0.0013001300130013002,0.12313231323132312,0.08534715545194838,train
2002,116,6156,49995,9,114,1,0.0014619883040935672,0.018518518518518517,0.1196056488855913,0.12204415291558099,0.028055423502223117,0.8523389276121857,0.028082808280828084,0.8499449944994499,0.0013201320132013201,0.12065206520652061,0.08668436721298356,train
2002,117,6032,49995,5,114,0,0.0008289124668435014,0.01889920424403183,0.11724605468509638,0.1196056488855913,0.02815456611568929,0.8545993791992144,0.028182818281828184,0.8522252225222522,0.0013201320132013201,0.11827182718271823,0.08744142592716375,train
2002,118,5913,49995,6,126,0,0.0010147133434804667,0.0213089802130898,0.11462868968958942,0.11724605468509638,0.0282735372518487,0.8570977730585619,0.028302830283028303,0.8547454745474548,0.0013201320132013201,0.11563156315631562,0.08836741128898296,train
2002,119,5781,49995,7,154,0,0.0012108631724615118,0.026638989794153262,0.11143629753597864,0.11462868968958942,0.02841233691070134,0.8601513655533201,0.028442844284428444,0.8578257825782578,0.0013201320132013201,0.11241124112411238,0.08947127361746887,train
2002,120,5620,49995,4,153,0,0.0007117437722419929,0.02722419928825623,0.10832321947314079,0.11143629753597864,0.02849165100147428,0.863185129525385,0.028522852285228523,0.8608860886088608,0.0013201320132013201,0.10927092709270925,0.09011933676791906,train
2003,0,38876,49994,0,27,0,0.0,0.000694515896697191,0.9993054841033028,1.0,0.0,0.000694515896697191,0.0,0.0005400648077769333,0.0,0.9994599351922231,0.0,train
2003,1,46232,49994,0,106,2,0.0,0.0022927842187229625,0.9970142922596674,0.9993054841033028,0.0,0.0029857077403325537,0.0,0.002660319238308597,4.000480057606913e-05,0.9972996759611154,0.0,train
2003,2,47986,49994,0,208,1,0.0,0.004334597590964031,0.992692636510282,0.9970142922596674,0.0,0.007307363489718017,0.0,0.006820818498219787,6.0007200864103694e-05,0.9931191743009161,0.0,train
2003,3,48382,49994,5,400,1,0.00010334421892439338,0.00826753751395147,0.9843829238529576,0.992692636510282,0.00010258904515215184,0.015514487101890163,0.00010001200144017281,0.014821778613433612,8.000960115213825e-05,0.9849981997839741,0.00010334421892443935,train
2003,4,48248,49994,7,534,5,0.00014508373404078926,0.01106781628254021,0.9733451365497647,0.9843829238529576,0.00024540699547072884,0.026409456454764467,0.00024002880345641478,0.02550306036724407,0.00018002160259231108,0.9740768892267072,0.00024841295940003505,train
2003,5,47848,49994,2,496,1,4.179903026249791e-05,0.010366159505099481,0.9632146007279586,0.9733451365497647,0.0002860918782892276,0.036499307393752164,0.0002800336040324839,0.035424250910109215,0.00020002400288034563,0.9640956914829779,0.00029020160624171343,train
2003,6,47442,49994,5,402,1,0.00010539184688672485,0.008473504489692677,0.9549512825184338,0.9632146007279586,0.00038760684400820645,0.04466111063755806,0.00038004560547265674,0.04346521582589911,0.0002200264031683802,0.9559347121654599,0.0003955628682451584,train
2003,7,47093,49994,11,336,1,0.0002335803622619073,0.007134818338181895,0.9479148207293377,0.9549512825184338,0.0006106647105213351,0.0514745145601409,0.0006000720086410369,0.05018602232267872,0.00024002880345641478,0.9489738768652238,0.0006290508347890356,train
2003,8,46795,49994,9,323,3,0.0001923282401966022,0.00690244684261139,0.9411895782786028,0.9479148207293377,0.0007929754998484864,0.058017446221548655,0.000780093611233348,0.05664679761571389,0.00030003600432051844,0.9422730727687323,0.0008212580907455136,train
2003,9,46490,49994,8,363,1,0.00017208001720800173,0.007808130780813078,0.9336786870430389,0.9411895782786028,0.0009549354186746602,0.0653663775382863,0.0009401128135376245,0.06390766892027043,0.000320038404608553,0.9348321798615834,0.0009931967858471946,train
2003,10,46178,49994,11,420,0,0.00023820867079561695,0.009095240157650829,0.9249642447953117,0.9336786870430389,0.0011773457776653794,0.07385840942702285,0.0011601392167060046,0.07230867704124495,0.000320038404608553,0.9262111453374405,0.0012311688685565647,train
2003,11,45783,49994,13,481,3,0.0002839481903763406,0.010506083043924601,0.9149838517033586,0.9249642447953117,0.0014399877011378266,0.0835761605955034,0.001420170420450454,0.08192983157978957,0.00038004560547265674,0.9162699523942873,0.0015147674707606251,train
2003,12,45316,49994,12,542,0,0.00026480713213875896,0.01196045546826728,0.9037979338411541,0.9149838517033586,0.0016822819508606685,0.09451978420798508,0.0016601992239068687,0.09277113253590431,0.00038004560547265674,0.9051886226347161,0.0017791734816695604,train
2003,13,44770,49994,10,545,1,0.00022336385972749609,0.012173330355148537,0.8925938272232885,0.9037979338411541,0.0018841577457771649,0.10552201503093414,0.0018602232267872145,0.10367244069288314,0.00040004800576069126,0.8940672880745689,0.0020021399383410854,train
2003,14,44220,49994,9,502,0,0.00020352781546811397,0.011352329262777024,0.8822791405269723,0.8925938272232885,0.002065825417532244,0.11565503405549522,0.0020402448293795256,0.11371364563747649,0.00040004800576069126,0.8838460615273833,0.0022052602626412288,train
2003,15,43721,49994,16,488,1,0.0003659568628347933,0.011161684316461197,0.8721085431749996,0.8822791405269723,0.0023887015239440726,0.125502755301056,0.0023602832339880784,0.12347481697803736,0.00042005040604872583,0.8737448493819259,0.00257041009534853,train
2003,16,43238,49994,15,456,0,0.0003469170636939729,0.010546278736296776,0.8626084940553497,0.8721085431749996,0.0026912508589647718,0.13470025508568526,0.002660319238308597,0.13259591150938113,0.00042005040604872583,0.8643237188462616,0.0029164354399197068,train
2003,17,42780,49994,7,413,0,0.00016362786348761104,0.009654043945769051,0.8541396869608372,0.8626084940553497,0.0028323976438733144,0.14302791539528925,0.002800336040324839,0.1408569028283394,0.00042005040604872583,0.855922710725287,0.003079586093307274,train
2003,18,42373,49994,11,464,0,0.00025959927312203525,0.010950369338965852,0.8445648078796676,0.8541396869608372,0.0030541316857530306,0.1523810604345791,0.003020362443493219,0.15013801656198744,0.00042005040604872583,0.8464215705884706,0.003338385908117969,train
2003,19,41903,49994,9,441,0,0.00021478175786936496,0.010524306135598883,0.8354949521761177,0.8445648078796676,0.0032355287998240283,0.16126951902405798,0.00320038404608553,0.1589590750890107,0.00042005040604872583,0.837420490458855,0.0035524506415935964,train
2003,20,41465,49994,11,467,0,0.00026528397443627153,0.011262510551067166,0.8258635380403361,0.8354949521761177,0.0034571722213587513,0.17067928973830487,0.0034204104492539106,0.16830019602352284,0.00042005040604872583,0.8278593431211745,0.00381679220780462,train
2003,21,41000,49994,14,463,0,0.0003414634146341463,0.011292682926829268,0.8162553207806961,0.8258635380403361,0.0037391744050798417,0.18000550481422378,0.003700444053286394,0.17756130735688283,0.00042005040604872583,0.818318198183782,0.004156952327538543,train
2003,22,40535,49994,9,438,0,0.00022203034414703342,0.01080547674848896,0.8072540594413853,0.8162553207806961,0.003920407854864627,0.18882553270375,0.0038804656558787056,0.18632235868304198,0.00042005040604872583,0.8093771252550306,0.0043780597021297885,train
2003,23,40095,49994,13,454,0,0.0003242299538595835,0.011323107619403916,0.7978516989036841,0.8072540594413853,0.004182143801310269,0.1979661572950055,0.004140496859623154,0.19540344841380966,0.00042005040604872583,0.8000360043205185,0.004700870157894221,train
2003,24,39634,49994,8,465,0,0.00020184689912701217,0.011732351011757581,0.788329978825432,0.7978516989036841,0.004343187692697197,0.20732683348187064,0.004300516061927431,0.20470456454774574,0.00042005040604872583,0.7905748689842781,0.004901768200956669,train
2003,25,39170,49994,16,427,0,0.00040847587439366863,0.010901199897881032,0.7794142223633521,0.788329978825432,0.004665201470108658,0.215920576166539,0.004620554466535984,0.2132455894707365,0.00042005040604872583,0.7817138056566788,0.0053082418212982985,train
2003,26,38737,49994,17,436,0,0.0004388569068332602,0.01125538890466479,0.7702995608580575,0.7794142223633521,0.005007252784876889,0.22469318635706542,0.004960595271432572,0.22196663599631955,0.00042005040604872583,0.7726527183261991,0.005744769169545139,train
2003,27,38292,49994,23,408,0,0.0006006476548626344,0.01065496709495456,0.7616293657590858,0.7702995608580575,0.005469931409647999,0.23290070283126596,0.005420650478057367,0.23012761531383766,0.00042005040604872583,0.7640316838020562,0.006341966242278452,train
2003,28,37867,49994,9,399,0,0.00023767396413763964,0.010536879076768691,0.7534231497602026,0.7616293657590858,0.005650950880211596,0.24092589935958547,0.005600672080649678,0.23810857302876345,0.00042005040604872583,0.7558707044845381,0.006578132886158827,train
2003,29,37469,49994,6,395,0,0.000160132376097574,0.010542048093090287,0.7453598792418049,0.7534231497602026,0.005771598319389616,0.24886852243880508,0.005720686482377885,0.2460095211425371,0.00042005040604872583,0.7478497419690363,0.00673721189020704,train
2003,30,37070,49994,20,344,1,0.0005395198273536552,0.00927974103048287,0.7380409961545641,0.7453598792418049,0.006173734752754495,0.255785269092681,0.0061207344881385765,0.252890346841621,0.0004400528063367604,0.7405488658639037,0.007273096858164907,train
2003,31,36706,49994,15,309,0,0.00040865253637007576,0.00841824224922356,0.731526385934053,0.7380409961545641,0.006475337077778155,0.2619982769881684,0.006420770492459095,0.25907108853062366,0.0004400528063367604,0.7340680881705804,0.007678777225056721,train
2003,32,36385,49994,11,300,2,0.0003023223855984609,0.008245155970867116,0.7252736799830981,0.731526385934053,0.006696493879901958,0.2680298261369994,0.006640796895627475,0.26507180861703405,0.00048005760691282955,0.7278073368804256,0.007978778144406062,train
2003,33,36075,49994,15,285,0,0.0004158004158004158,0.0079002079002079,0.7192422980289767,0.7252736799830981,0.006998062977608028,0.2737596389934147,0.006940832899947994,0.2707724926991239,0.00048005760691282955,0.7218066167940153,0.008391260980936455,train
2003,34,35778,49994,9,296,1,0.00025155123260103975,0.00827324053887864,0.7131109072050391,0.7192422980289767,0.007178989264216021,0.27971010353074427,0.007120854502540305,0.2766932031843821,0.0005000600072008641,0.7156858823058767,0.008640701381494642,train
2003,35,35477,49994,17,294,0,0.0004791836964794092,0.008287059221467429,0.7068596037650423,0.7131109072050391,0.007520700384730316,0.2856196958502268,0.007460895307436892,0.2825739088690643,0.0005000600072008641,0.709465135816298,0.009115744594745845,train
2003,36,35169,49994,11,284,3,0.00031277545565697065,0.008075293582416333,0.700930416608436,0.7068596037650423,0.007741788719383433,0.29132779467218,0.007680921710605273,0.2882545905508661,0.0005600672080649678,0.7035044205304637,0.009425668869233572,train
2003,37,34875,49994,11,283,1,0.0003154121863799283,0.008114695340501792,0.6950214978275648,0.700930416608436,0.007962870714586094,0.2970156314578485,0.007900948113773653,0.29391526983237987,0.0005800696083530023,0.6976037124454935,0.009738108084787367,train
2003,38,34582,49994,13,266,0,0.00037591810768607944,0.007691862818807472,0.6894142166438888,0.6950214978275648,0.008224141880850577,0.30236164147526023,0.008160979317518103,0.2992359083089971,0.0005800696083530023,0.6920230427651318,0.010110365461309834,train
2003,39,34308,49994,15,230,0,0.0004372158097236796,0.00670397574909642,0.6844909776594609,0.6894142166438888,0.008525564675815552,0.3069834576647232,0.00846101532183862,0.30383646037524503,0.0005800696083530023,0.6871224546945633,0.01054316085941176,train
2003,40,34070,49994,15,234,0,0.00044027003228646906,0.006868212503668917,0.6794883873032177,0.6844909776594609,0.00882692554064948,0.31168468715613246,0.008761051326159138,0.30851702204264514,0.0005800696083530023,0.6821418570228428,0.010978789053926241,train
2003,41,33826,49994,7,280,1,0.0002069414060190386,0.008277656240761544,0.6737232017312901,0.6794883873032177,0.008967539822891616,0.3173092584458179,0.008901068128175382,0.3141176941232948,0.0006000720086410369,0.6763811657398888,0.011183458493902121,train
2003,42,33542,49994,11,227,0,0.0003279470514578737,0.006767634607357939,0.6689427437379668,0.6737232017312901,0.00918848536039815,0.32186877090163457,0.00912109453134376,0.3186582389886786,0.0006000720086410369,0.6716205944713365,0.011507737963121878,train
2003,43,33311,49994,14,232,0,0.00042028158866440514,0.006964666326438714,0.6640026364172759,0.6689427437379668,0.009469629679461869,0.3265277339032619,0.009401128135376245,0.32329879585550264,0.0006000720086410369,0.66670000400048,0.011923183061393172,train
2003,44,33075,49994,8,233,0,0.0002418745275888133,0.007044595616024187,0.659164401031741,0.6640026364172759,0.009630235003463024,0.33120536396479555,0.009561147337680521,0.3279593551226147,0.0006000720086410369,0.6618794255310637,0.01216217367471173,train
2003,45,32842,49994,15,197,0,0.00045673223311613176,0.005998416661591864,0.6549093966769901,0.659164401031741,0.00993129663233691,0.33515930669067256,0.00986118334200104,0.3318998279793575,0.0006000720086410369,0.6576389166700004,0.012613351051085853,train
2003,46,32635,49994,8,243,0,0.0002451355906235637,0.007445993565190746,0.649872403921791,0.6549093966769901,0.010091838234096245,0.3400357578441124,0.010021202544305316,0.3367604112493499,0.0006000720086410369,0.6526183141977038,0.012855394660449715,train
2003,47,32387,49994,15,228,0,0.0004631487942693056,0.007039861672893445,0.6449964044728456,0.649872403921791,0.010392825854401518,0.3446107696727525,0.010321238548625836,0.3413209585150218,0.0006000720086410369,0.6477577309277114,0.013312589494182236,train
2003,48,32148,49994,12,214,0,0.0003732736095558044,0.006656712703745179,0.6404620885772732,0.6449964044728456,0.010633585990449612,0.34890432543227684,0.01056126735208225,0.3456014721766612,0.0006000720086410369,0.6432371884626156,0.013680893865405053,train
2003,49,31927,49994,10,243,0,0.0003132145206251762,0.007611112851191781,0.6353868573181493,0.6404620885772732,0.010834188016501942,0.3537789546653485,0.010761291354962595,0.3504620554466536,0.0006000720086410369,0.6381765811897427,0.013989823331416407,train
2003,50,31675,49994,7,226,0,0.00022099447513812155,0.007134964483030782,0.630712977673157,0.6353868573181493,0.010974605001544627,0.358312417325298,0.010901308156978838,0.3549825979117494,0.0006000720086410369,0.6335160219226308,0.01420772613289012,train
2003,51,31448,49994,10,241,0,0.00031798524548460954,0.00766344441617909,0.6256789864051603,0.630712977673157,0.011175162422580355,0.36314585117225906,0.011101332159859183,0.3598031763811657,0.0006000720086410369,0.628495419450334,0.014521193531092602,train
2003,52,31202,49994,11,215,0,0.0003525415037497596,0.00689058393692712,0.6211471150210321,0.6256789864051603,0.011395740233312256,0.3674571447456553,0.011321358563027564,0.36410369244309315,0.0006000720086410369,0.6239748769852382,0.014868615711438604,train
2003,53,30986,49994,18,189,0,0.000580907506615891,0.006099528819466856,0.6169975812700041,0.6211471150210321,0.011756569255140778,0.3712458494748547,0.011681401768212186,0.36788414609753173,0.0006000720086410369,0.6198343801256151,0.015440885927574755,train
2003,54,30786,49994,15,201,0,0.00048723445722081467,0.006528941726758916,0.6126686175347243,0.6169975812700041,0.012057191736757423,0.37527419072851786,0.011981437772532704,0.37190462855542666,0.0006000720086410369,0.6155138616633996,0.015920597053121432,train
2003,55,30574,49994,8,213,1,0.0002616602341859096,0.006966703735199843,0.6082400257745629,0.6126686175347243,0.012217502750699915,0.37954247147473674,0.01214145697483698,0.376165139816778,0.0006200744089290715,0.6110733287994559,0.016178091500154035,train
2003,56,30362,49994,12,178,0,0.00039523088070614587,0.005862591397141163,0.6044337677909924,0.6082400257745629,0.012457897991767525,0.3831083342172396,0.012381485778293394,0.37972556706804816,0.0006200744089290715,0.6072728727447294,0.016566928299508454,train
2003,57,30179,49994,11,198,0,0.00036449186520428115,0.00656085357367706,0.6002478551541153,0.6044337677909924,0.012678209183182115,0.3870739356627022,0.012601512181461775,0.383686042325079,0.0006200744089290715,0.6030923710845302,0.016925381654116167,train
2003,58,29979,49994,12,230,1,0.0004002801961372961,0.007672037092631509,0.5954024640154083,0.6002478551541153,0.012918476512374195,0.3916790594722171,0.01284154098491819,0.38828659439132696,0.000640076809217106,0.5982317878145378,0.017318886955165258,train
2003,59,29750,49994,11,212,0,0.00036974789915966385,0.007126050420168067,0.590939447226318,0.5954024640154083,0.01313862532259838,0.3959219274510832,0.013061567388086571,0.39252710325239026,0.000640076809217106,0.593771252550306,0.017682231232257428,train
2003,60,29536,49994,17,180,1,0.0005755687973997833,0.006094257854821235,0.5869979835513591,0.590939447226318,0.013478751629574523,0.39952326481906586,0.013401608192983158,0.3961275353042365,0.0006600792095051406,0.5898107772932752,0.018247622689091414,train
2003,61,29344,49994,20,179,1,0.0006815703380588877,0.006100054525627045,0.5830171834311737,0.5869979835513591,0.01387883204366351,0.4031039845251623,0.013801656198743848,0.3997079649557947,0.0006800816097931752,0.5858102972356682,0.018916755988785394,train
2003,62,29157,49994,24,213,0,0.0008231299516411153,0.007305278320814899,0.5782781817343877,0.5830171834311737,0.01435873094966715,0.4073630873159446,0.014281713805656678,0.40396847621714604,0.0006800816097931752,0.5810697283674041,0.019724314991984238,train
2003,63,28928,49994,17,222,0,0.0005876659292035399,0.007674225663716814,0.5735005100863472,0.5782781817343877,0.014698565334674223,0.41180092457897816,0.014621754610553267,0.40840900908108974,0.0006800816097931752,0.5762891546985638,0.02030038961329017,train
2003,64,28713,49994,19,259,0,0.0006617211715947481,0.009020304391738933,0.5679478634871062,0.5735005100863472,0.015078062764118745,0.41697407374877454,0.015001800216025924,0.41358963075569066,0.0006800816097931752,0.5707284874184901,0.020948677587286246,train
2003,65,28441,49994,16,276,2,0.0005625681234837031,0.00970430013009388,0.5621168175977832,0.5679478634871062,0.015397572127917265,0.422485610274299,0.015321838620634477,0.4191102932351882,0.0007200864103692443,0.564847781733808,0.021499460652530167,train
2003,66,28149,49994,27,245,0,0.000959181498454652,0.008703683967458879,0.5566851584132083,0.5621168175977832,0.015936744179327268,0.4273780974074638,0.01586190342841141,0.4240108813057567,0.0007200864103692443,0.5594071288554627,0.0224380202661002,train
2003,67,27882,49994,14,306,0,0.0005021160605408507,0.010974822466107165,0.5502961170714026,0.5566851584132083,0.016216264738031266,0.4334876181905655,0.016141937032443893,0.43013161579389525,0.0007200864103692443,0.5530063607632916,0.022928869836298715,train
2003,68,27563,49994,17,313,0,0.0006167688568007837,0.011355803069332076,0.5437076572290936,0.5502961170714026,0.016555670245059304,0.4397366725258465,0.01648197783734048,0.4363923670840501,0.0007200864103692443,0.5464055686682402,0.023531496880262792,train
2003,69,27237,49994,19,315,0,0.0006975804971178911,0.01156515034695451,0.5370403165706321,0.5437076572290936,0.01693495010287598,0.44602473332649134,0.016862023442813137,0.442693123174781,0.0007200864103692443,0.5397247669720366,0.024212662264089024,train
2003,70,26905,49994,16,356,1,0.000594685002787586,0.013231741312023787,0.5296149682054854,0.5370403165706321,0.017254319925032836,0.4531307118694814,0.01718206184742169,0.4498139776773213,0.0007400888106572789,0.5322638716645998,0.024792948359750433,train
2003,71,26542,49994,29,380,1,0.0010926079421294552,0.014316931655489413,0.5214538453814312,0.5296149682054854,0.017832981445564788,0.46071317317300353,0.017762131455774693,0.4574148897867744,0.0007600912109453135,0.5240628875465057,0.025858467329593293,train
2003,72,26137,49994,23,360,0,0.0008799785744347094,0.013773577686804147,0.5138126921204952,0.5214538453814312,0.018291849657057036,0.46789545822244744,0.018222186662399487,0.46461575389046683,0.0007600912109453135,0.5164019682361883,0.02671569100681015,train
2003,73,25765,49994,27,383,0,0.0010479332427712012,0.014865127110421114,0.5056363597405455,0.5138126921204952,0.018830291057687867,0.47553334920176626,0.018762251470176423,0.4722766732007841,0.0007600912109453135,0.5082009841180941,0.027735627988871747,train
2003,74,25367,49994,29,337,1,0.001143217566129223,0.013284976544329247,0.49834094019290337,0.5056363597405455,0.019408343426216893,0.48225071638087946,0.019342321078529425,0.4790174820978517,0.000780093611233348,0.5008601032123855,0.0288471376978765,train
2003,75,25009,49994,23,355,0,0.0009196689191890919,0.014194889839657724,0.49080873677041875,0.49834094019290337,0.019866652100071776,0.4893246111295092,0.01980237628515422,0.48611833420010403,0.000780093611233348,0.49329919590350846,0.029740276801117238,train
2003,76,24635,49994,29,319,3,0.001177186929165821,0.012949056220824031,0.48387545321466047,0.49080873677041875,0.020444425729718302,0.495680121055621,0.020382445893507222,0.49249909989198704,0.0008401008120974517,0.4862783534024083,0.030882453865162973,train
2003,77,24288,49994,25,276,0,0.0010293148880105402,0.011363636363636364,0.47787880831110263,0.48387545321466047,0.020942485937655,0.5011787057512421,0.020882505900708084,0.4980197623714846,0.0008401008120974517,0.48025763091570983,0.03187998098363176,train
2003,78,23992,49994,26,264,0,0.0010836945648549517,0.011003667889296432,0.4721025139458884,0.47787880831110263,0.0214603606048811,0.5064371254492303,0.021402568308196982,0.5033003960475257,0.0008401008120974517,0.4744569348321799,0.032929127386366996,train
2003,79,23703,49994,21,289,0,0.0008859638020503734,0.012192549466312281,0.46592811495321973,0.4721025139458884,0.02187862634309414,0.5121932587036859,0.02182261871424571,0.5090810897307677,0.0008401008120974517,0.46825619074288916,0.033785917173519975,train
2003,80,23396,49994,18,280,0,0.000769362284151137,0.01196785775346213,0.4599934860313502,0.46592811495321973,0.022237093861864784,0.5177694201067848,0.022182661919430333,0.5146817618114173,0.0008401008120974517,0.46229547545705485,0.034529285847262337,train
2003,81,23099,49994,14,312,2,0.0006060868435863024,0.01350707822849474,0.45350152203090777,0.4599934860313502,0.022515889861883784,0.5239825881072083,0.022462695523462816,0.5209225107012841,0.0008801056126735208,0.45573468816257956,0.035114444944978174,train
2003,82,22773,49994,22,333,2,0.0009660562947349932,0.014622579370306943,0.4464320520304259,0.45350152203090777,0.02295399786191364,0.5306139501076603,0.022902748329799577,0.5275833099971997,0.00092011041324959,0.44859383125975116,0.036046578709137966,train
2003,83,22416,49994,18,306,1,0.0008029978586723769,0.013650963597430408,0.43997934035760927,0.4464320520304259,0.023312481843736788,0.5367081777986539,0.023262791534984197,0.5337040444853383,0.0009401128135376245,0.44209305116613995,0.0368206312422944,train
2003,84,22093,49994,18,365,1,0.0008147376997238944,0.01652107002217897,0.4323519431115601,0.43997934035760927,0.023670949599425783,0.543977107289014,0.02362283474016882,0.5410049205904709,0.0009601152138256591,0.43441212945553465,0.03760536978561757,train
2003,85,21709,49994,10,405,0,0.0004606384448846101,0.018655857017826707,0.42408688915277354,0.4323519431115601,0.023870107526143533,0.5520430033210829,0.023822858743049166,0.5491058927071248,0.0009601152138256591,0.42611113333600037,0.03804868575144482,train
2003,86,21297,49994,20,374,0,0.0009390994036718787,0.017561158848664132,0.41624117218201734,0.42408688915277354,0.02426836727085197,0.5594904605471303,0.024222906748809857,0.5565867904148498,0.0009601152138256591,0.41823018762251474,0.03895205365701715,train
2003,87,20904,49994,24,409,0,0.001148105625717566,0.01956563337160352,0.40761926118150005,0.41624117218201734,0.024746256102289418,0.5676344827162101,0.02470296435572269,0.5647677721326559,0.0009601152138256591,0.4095691482977958,0.04005543821079782,train
2003,88,20472,49994,15,396,0,0.0007327080890973036,0.019343493552168817,0.39943581470115636,0.40761926118150005,0.02504492203222897,0.5755192632666143,0.025003000360043205,0.5726887226467176,0.0009601152138256591,0.40134816177941357,0.04075879735630572,train
2003,89,20062,49994,15,376,1,0.0007476821852258,0.018741900109660054,0.3916509775190134,0.39943581470115636,0.025343573075022177,0.583005449405964,0.025303036364363724,0.5802096251550186,0.0009801176141136937,0.393507220866504,0.041476004914857034,train
2003,90,19671,49994,22,347,1,0.0011183976411977023,0.017640180977072848,0.38430416186630045,0.3916509775190134,0.025781594604452215,0.5899142435292469,0.025743089170700485,0.5871504580549666,0.0010001200144017282,0.3861063327599312,0.042548015889991686,train
2003,91,19301,49994,11,294,2,0.0005699186570644008,0.015232371379721258,0.3782312760381454,0.38430416186630045,0.02600061671628732,0.595768107245567,0.025963115573868864,0.5930311637396487,0.0010401248149777974,0.3799655958715046,0.04309368563897931,train
2003,92,18994,49994,13,347,0,0.0006844266610508582,0.01826892702958829,0.3710625248865327,0.3782312760381454,0.02625948828565111,0.6026779868278159,0.026223146777613313,0.5999719966395968,0.0010401248149777974,0.3727647317678121,0.043748617832655934,train
2003,93,18635,49994,20,309,0,0.0010732492621411322,0.016581701100080493,0.3645114344283803,0.3710625248865327,0.026657730866693808,0.6088308347049256,0.026623194783374004,0.6061527383285994,0.0010401248149777974,0.3661839420730487,0.04477491392298849,train
2003,94,18306,49994,21,288,0,0.0011471648639790233,0.015732546705998034,0.3583585865512706,0.3645114344283803,0.02707588557678864,0.6145655278719404,0.02704324518942273,0.6119134296115534,0.0010401248149777974,0.3600032003840461,0.04587071457892744,train
2003,95,17997,49994,13,326,0,0.0007223426126576652,0.018114130132799913,0.3516083748025969,0.3583585865512706,0.02733474325446639,0.6210568819429364,0.02730327639316718,0.6184342121054527,0.0010401248149777974,0.3532223866864024,0.046559922819771726,train
2003,96,17658,49994,15,287,1,0.0008494733265375467,0.016253256314418395,0.34559491182885216,0.3516083748025969,0.027633425190248414,0.6267716629808991,0.027603312397487697,0.6241749009881186,0.001060127215265832,0.3471616593991279,0.04736984473378825,train
2003,97,17355,49994,20,297,0,0.0011524056467876692,0.01711322385479689,0.33928240321175357,0.34559491182885216,0.02803169071814107,0.6326859060701051,0.02800336040324839,0.6301156138736649,0.001060127215265832,0.34082089850782094,0.048467661104017234,train
2003,98,17038,49994,22,322,0,0.001291231365183707,0.018898931799506986,0.3324322361319999,0.33928240321175357,0.02846978279882299,0.6390979810691769,0.02844341320958515,0.636556386766412,0.001060127215265832,0.33394007280873705,0.04969630950498638,train
2003,99,16694,49994,16,297,0,0.000958428177788427,0.017790823050197677,0.3261993806204798,0.3324322361319999,0.028788395221137113,0.6450122241583829,0.028763451614193702,0.6424970996519582,0.001060127215265832,0.32767932151858226,0.050607107339413204,train
2003,100,16381,49994,11,307,0,0.0006715096758439656,0.018741224589463402,0.3198669587269866,0.3261993806204798,0.029007441261478074,0.6511256000115352,0.028983478017362084,0.6486378365403849,0.001060127215265832,0.3213185582269872,0.051244633853012256,train
2003,101,16063,49994,19,282,0,0.001182842557430119,0.017555873747120712,0.31387306253220215,0.3198669587269866,0.029385793512976096,0.6567411439548216,0.02936352362283474,0.6542785134216106,0.001060127215265832,0.3152978357402888,0.052366862076681064,train
2003,102,15762,49994,15,298,0,0.000951655881233346,0.018906230173835806,0.30764020702068207,0.31387306253220215,0.029684492658895594,0.662675300320422,0.029663559627155257,0.6602392287074449,0.001060127215265832,0.309037084450134,0.05326868272563712,train
2003,103,15449,49994,15,298,0,0.0009709366302026021,0.019289274386691695,0.301407351509162,0.30764020702068207,0.029983191804815085,0.6686094566860226,0.029963595631475777,0.6661999439932792,0.001060127215265832,0.3027763331599792,0.05418789884053876,train
2003,104,15136,49994,8,318,0,0.0005285412262156448,0.02100951374207188,0.2949156234045117,0.301407351509162,0.030142498015972147,0.6749418785795158,0.030123614833780052,0.6725607072848742,0.001060127215265832,0.2962555506660799,0.05468779952825509,train
2003,105,14810,49994,18,283,0,0.0012153950033760973,0.01910871033085753,0.28892172720972725,0.2949156234045117,0.030500936991075537,0.6805773357991969,0.030483658038964676,0.678221386566388,0.001060127215265832,0.2902348281793815,0.05583672725333888,train
2003,106,14509,49994,9,324,0,0.0006203046385002412,0.022330966986008685,0.28229060617031454,0.28892172720972725,0.03068015647862723,0.6870292373510579,0.030663679641556987,0.6847021642597112,0.001060127215265832,0.28357402888346606,0.056422396110925255,train
2003,107,14176,49994,10,312,0,0.0007054176072234763,0.02200902934537246,0.2758785311712428,0.28229060617031454,0.03087928924257356,0.6932421795861834,0.030863703644437333,0.6909429131495779,0.001060127215265832,0.2771332559907189,0.057088012366490304,train
2003,108,13854,49994,16,308,0,0.0011549011115923199,0.022231846398152157,0.26942662961938174,0.2758785311712428,0.031197901664887683,0.6993754687157303,0.031183742049045886,0.6971036524382926,0.001060127215265832,0.2706524782973957,0.058176982469141936,train
2003,109,13530,49994,10,292,0,0.0007390983000739098,0.02158167036215817,0.2634128201482026,0.26942662961938174,0.031397034428834014,0.7051901454229631,0.031383766051926235,0.7029443533223987,0.001060127215265832,0.2646117534104092,0.05887308226036947,train
2003,110,13228,49994,15,318,0,0.0011339582703356517,0.024039915331115814,0.2567816991087899,0.2634128201482026,0.031695733574753505,0.7115225673164564,0.03168380205624675,0.7093051166139936,0.001060127215265832,0.25795095411449376,0.05994028091217585,train
2003,111,12896,49994,12,300,1,0.0009305210918114144,0.02326302729528536,0.25056923864648045,0.2567816991087899,0.031934674361765406,0.7174960869917539,0.03192383085970316,0.715305836700404,0.0010801296155538665,0.25169020282433896,0.06081502630834945,train
2003,112,12583,49994,16,304,0,0.001271556862433442,0.024159580386235398,0.24419697794816736,0.25056923864648045,0.03225328739668106,0.7235497346551514,0.03224386926431172,0.7213865663879666,0.0010801296155538665,0.2452894347321679,0.06200925340674146,train
2003,113,12263,49994,11,285,0,0.0008970072576041752,0.0232406425833809,0.23830263680222774,0.24419697794816736,0.03247233385818558,0.7292250293395864,0.0324638956674801,0.7270872504700564,0.0010801296155538665,0.23936872424690958,0.06285063791400125,train
2003,114,11967,49994,13,297,0,0.0010863207153004094,0.024818250188017046,0.23212950925073692,0.23830263680222774,0.03273120694905455,0.7351392838002083,0.032723926871224544,0.7330279633556027,0.0010801296155538665,0.23316798015761886,0.06386868267936585,train
2003,115,11657,49994,6,271,0,0.0005147121901003689,0.023247833919533327,0.22661352108375965,0.23212950925073692,0.03285068683714792,0.7405357920790923,0.03284394127295275,0.73844861383366,0.0010801296155538665,0.2276273152778333,0.06435052087992543,train
2003,116,11380,49994,10,268,0,0.0008787346221441124,0.023550087873462213,0.22107761960210012,0.22661352108375965,0.033049819983970205,0.7458725604139295,0.0330439652758331,0.7438092571108533,0.0010801296155538665,0.22206664799775977,0.06517270847141943,train
2003,117,11102,49994,12,304,0,0.0010808863267879661,0.02738245361196181,0.21478501216251594,0.22107761960210012,0.03328877976015695,0.7519262080773269,0.03328399407928952,0.7498899867984158,0.0010801296155538665,0.21574588950674078,0.0661831505087409,train
2003,118,10786,49994,7,304,0,0.0006489894307435565,0.028184683849434452,0.20859197129634288,0.21478501216251594,0.03342817296293254,0.7579798557407241,0.033424010881305755,0.7559707164859784,0.0010801296155538665,0.20952514301716207,0.06678918777431098,train
2003,119,10475,49994,5,360,0,0.00047732696897374703,0.03436754176610979,0.2013236114373295,0.20859197129634288,0.03352773953634368,0.7651486490263264,0.03352402288274593,0.7631715805896707,0.0010801296155538665,0.20222426691202944,0.06723463446272415,train
2003,120,10110,49994,7,306,0,0.0006923837784371909,0.030267062314540058,0.19509074394179202,0.2013236114373295,0.033667132739119275,0.7712421233190883,0.03366403968476217,0.7692923150778094,0.0010801296155538665,0.19596351562187464,0.06788046607091014,train
2004,0,42208,49987,0,39,0,0.0,0.0009239954510993177,0.9990760045489007,1.0,0.0,0.0009239954510993177,0.0,0.0007802028527417129,0.0,0.9992197971472583,0.0,train
2004,1,47196,49987,0,151,2,0.0,0.003199423679972879,0.9958795371218543,0.9990760045489007,0.0,0.004120462878145763,0.0,0.003800988256946806,4.001040270470322e-05,0.9961590013403485,0.0,train
2004,2,48131,49987,0,200,0,0.0,0.004155326089214851,0.9917413328995366,0.9958795371218543,0.0,0.008258667100463413,0.0,0.007802028527417128,4.001040270470322e-05,0.9921579610698782,0.0,train
2004,3,48374,49987,6,297,5,0.00012403357175342126,0.0061396618017943525,0.9855293673008977,0.9917413328995366,0.0001230092197750283,0.014347623479327314,0.00012003120811410966,0.013743573329065556,0.0001400364094664613,0.9859963590533539,0.00012403357175339025,train
2004,4,48245,49987,8,347,2,0.0001658202922582651,0.007192455176702249,0.9782775707335474,0.9855293673008977,0.00028642998748996625,0.021435999278962746,0.0002800728189329226,0.020685378198331567,0.0001800468121711645,0.9788545021705644,0.00028983329672860325,train
2004,5,47999,49987,13,337,0,0.00027083897581199606,0.007020979603741744,0.9711441481673118,0.9782775707335474,0.0005513856828072878,0.028304466149881004,0.0005401404365134935,0.027427131054074058,0.0001800468121711645,0.9718526816972413,0.0005605937743874412,train
2004,6,47734,49987,13,383,4,0.0002723425650479742,0.008023630954874931,0.9630875620300877,0.9711441481673118,0.0008158695711505033,0.036096568398761894,0.0008002080540940645,0.03508912317202473,0.00026006761758057094,0.9638506011563006,0.0008327836658889032,train
2004,7,47395,49987,9,405,1,0.0001898934486760207,0.008545205190420931,0.9546748971776675,0.9630875620300877,0.0009987535896813777,0.04432634923265124,0.0009802548662652289,0.04319122971972713,0.0002800728189329226,0.9555484425950748,0.001022518974402642,train
2004,8,47018,49987,9,401,0,0.00019141605342634736,0.00852864860266281,0.9463500703487331,0.9546748971776675,0.0011814936908043309,0.052468435960462814,0.0011603016784363935,0.051213315462020126,0.0002800728189329226,0.9473463100406105,0.0012137393012823239,train
2004,9,46634,49987,12,463,2,0.0002573229832311189,0.009928378436334005,0.9367108310937765,0.9463500703487331,0.001425011314087446,0.06186415759213634,0.0014003640946646128,0.06047572368815892,0.00032008322163762576,0.9378038289955388,0.0014707499614955433,train
2004,10,46182,49987,11,495,0,0.0002381880386297692,0.010718461738339612,0.9264476185751881,0.9367108310937765,0.0016481246297089338,0.07190425679510329,0.0016204213095404806,0.07037829835757296,0.00032008322163762576,0.927681197111249,0.0017085876850766457,train
2004,11,45700,49987,16,516,0,0.000350109409190372,0.011291028446389496,0.9156627141313807,0.9264476185751881,0.0019724826580941202,0.08236480321052554,0.0019405045311781063,0.0807009822553864,0.00032008322163762576,0.9170384299917979,0.0020580989016419915,train
2004,12,45191,49987,21,518,1,0.00046469429753712025,0.011462459339248965,0.9047414642604592,0.9156627141313807,0.0023979858998183353,0.09286054983972285,0.00236061375957749,0.09106367655590454,0.0003400884229899774,0.906235621261528,0.0025218368123557378,train
2004,13,44671,49987,17,528,1,0.00038056009491616483,0.011819748830337356,0.8937033388989954,0.9047414642604592,0.0027422943973318854,0.10355436670367311,0.0027007021825674674,0.10162642286994619,0.000360093624342329,0.8953127813231441,0.0029014371968152375,train
2004,14,44137,49987,24,518,0,0.0005437614699685072,0.011736185060153613,0.8827287096835242,0.8937033388989954,0.003228255838607366,0.1140430344778689,0.0031808270150239064,0.11198911717046432,0.000360093624342329,0.8844699621901695,0.0034436209770285497,train
2004,15,43605,49987,16,439,0,0.0003669303978901502,0.010067652792110996,0.8735178035281291,0.8827287096835242,0.0035521558352806003,0.12293004063659077,0.003500910236661532,0.12077140056414667,0.000360093624342329,0.8753675955748494,0.003809287805703443,train
2004,16,43162,49987,23,466,1,0.0005328761410499977,0.010796533988230389,0.8636213620767307,0.8735178035281291,0.00401763263156314,0.13236100529170658,0.003961029867765619,0.13009382439434253,0.00038009882569468064,0.8655650469121972,0.004340134068167356,train
2004,17,42678,49987,27,460,0,0.0006326444538169548,0.010778386990955527,0.8537665515576959,0.8636213620767307,0.004563997896478827,0.1416694505458257,0.004501170304279113,0.13929621701642428,0.00038009882569468064,0.855822513853602,0.00497003276023722,train
2004,18,42199,49987,27,393,0,0.0006398255882840826,0.009313016896134979,0.8452691475515764,0.8537665515576959,0.005110259582586502,0.1496205928658374,0.005041310740792606,0.14715826114789846,0.00038009882569468064,0.8474203292856143,0.005606678394386777,train
2004,19,41783,49987,22,365,0,0.000526529928439796,0.008735610176387526,0.8374401462806658,0.8452691475515764,0.0055553190863592014,0.15700453463297537,0.0054814251705443415,0.15446015964150678,0.00038009882569468064,0.8396783163622542,0.0061302562388527715,train
2004,20,41406,49987,28,350,1,0.0006762304979954596,0.008452881224943245,0.8297950616239954,0.8374401462806658,0.006121621653519966,0.16408331672248494,0.0060415708084101865,0.16146198011482985,0.00040010402704703223,0.832096345049713,0.006802341270618961,train
2004,21,41036,49987,26,336,0,0.0006335900185203236,0.008187932547031875,0.8224750057630955,0.8297950616239954,0.006647371521982387,0.17087762271492238,0.0065617060435713285,0.16818372776922,0.00040010402704703223,0.8248544621601617,0.007431621393607646,train
2004,22,40680,49987,28,352,2,0.0006882989183874139,0.008652900688298918,0.8147921025627519,0.8224750057630955,0.007213480178849808,0.1779944172583985,0.007121851681437173,0.17522555864524778,0.00044011442975173547,0.8172124752435633,0.008114805135027936,train
2004,23,40304,49987,20,341,2,0.0004962286621675268,0.008460698689956333,0.8074940688930131,0.8147921025627519,0.007617803373849189,0.18488812773313795,0.007521955708484206,0.18204733230639966,0.00048012483245643865,0.8099505871526597,0.008607006998299527,train
2004,24,39947,49987,17,333,1,0.000425563872130573,0.00833604525996946,0.8004191214848835,0.8074940688930131,0.007961443676529772,0.191619434838587,0.007862044131474183,0.18870906435673276,0.0005001300338087903,0.8029287614779843,0.00902890803920442,train
2004,25,39603,49987,17,336,0,0.00042926040956493193,0.008484205741989242,0.7932846127384712,0.8004191214848835,0.008305031916441975,0.19841035534508705,0.008202132554464161,0.1954308120111229,0.0005001300338087903,0.7958669254006041,0.009454292696006505,train
2004,26,39254,49987,25,307,0,0.0006368777704183013,0.00782085902073674,0.7865752202834558,0.7932846127384712,0.008810257251909998,0.20461452246463438,0.008702262588272952,0.20157240882629485,0.0005001300338087903,0.7892251985516234,0.010085149237571756,train
2004,27,38927,49987,16,330,0,0.0004110257661777173,0.008477406427415419,0.7795837997728058,0.7865752202834558,0.009133559934483412,0.21128264029271104,0.009022345809910577,0.20817412527257087,0.0005001300338087903,0.7823033988837098,0.01049202974755703,train
2004,28,38586,49987,30,315,0,0.0007774840615767377,0.008163582646555746,0.7726134890144578,0.7795837997728058,0.0097396739134702,0.2176468370720723,0.009622501850481125,0.21447576369856164,0.0005001300338087903,0.7754016044171484,0.01126135642323145,train
2004,29,38248,49987,26,327,0,0.0006797741058355993,0.008549466638778497,0.7654828531218071,0.7726134890144578,0.010264876557121525,0.22425227032107167,0.010142637085642267,0.2210174645407806,0.0005001300338087903,0.7683397683397684,0.011933475350573985,train
2004,30,37909,49987,20,308,0,0.0005275792028278245,0.008124719723548498,0.7588596666535818,0.7654828531218071,0.010668729390549896,0.2304716039558686,0.010542741112689298,0.2271790665573049,0.0005001300338087903,0.761778062296197,0.012454758699989465,train
2004,31,37588,49987,22,323,1,0.0005852931786740449,0.00859316803235075,0.7518945026385907,0.7588596666535818,0.0111128847770131,0.23699261258439652,0.010982855542441034,0.23364074659411446,0.0005201352351611419,0.7548562626282833,0.013032762193354253,train
2004,32,37245,49987,20,332,0,0.0005369848301785474,0.008913948180963888,0.7447883980627071,0.7518945026385907,0.011516640718824666,0.24369496121846854,0.011382959569488068,0.2402824734430952,0.0005201352351611419,0.7478144317522556,0.013562748627939603,train
2004,33,36903,49987,25,304,0,0.0006774516976939544,0.008237812643958486,0.7381484126153822,0.7447883980627071,0.012021198883515008,0.2498303885011031,0.011883089603296856,0.2463640546542101,0.0005201352351611419,0.7412327205073319,0.014231012218550165,train
2004,34,36587,49987,22,279,0,0.000601306474977451,0.007625659387214038,0.7320756908235646,0.7381484126153822,0.012465052303514964,0.2554592568729207,0.012323204033048592,0.2519455058315162,0.0005201352351611419,0.735211154900274,0.0148237614937351,train
2004,35,36306,49987,20,256,0,0.0005508731339172588,0.007051176114140913,0.7265104153686176,0.7320756908235646,0.012868333133583583,0.260621251497799,0.012723308060095626,0.2570668373777182,0.0005201352351611419,0.7296897193270251,0.01536646861570179,train
2004,36,36041,49987,28,275,0,0.0007768929829915929,0.007630198940096001,0.7204025755235332,0.7265104153686176,0.01343275397735377,0.26616467049911335,0.01328345369796147,0.2625682677496149,0.0005201352351611419,0.7236281433172624,0.016131423497052433,train
2004,37,35752,49987,11,267,1,0.00030767509509957485,0.007468113671962408,0.7148008772690148,0.7204025755235332,0.01365440390828795,0.2715447188226976,0.013503510912837339,0.26790965651069276,0.0005401404365134935,0.7180466921399564,0.016434135354893464,train
2004,38,35475,49987,22,274,0,0.00062015503875969,0.0077237491190979566,0.7088366472571295,0.7148008772690148,0.014097691274036176,0.2770656614688346,0.013943625342589073,0.2733910816812371,0.0005401404365134935,0.7121251525396604,0.01704409868180512,train
2004,39,35183,49987,27,258,1,0.0007674160816303329,0.007333087002245403,0.703094713810059,0.7088366472571295,0.014641663916390225,0.28226362227355106,0.014483765779102566,0.2785524236301438,0.0005601456378658452,0.7064036649528878,0.017798434848010136,train
2004,40,34911,49987,24,240,0,0.0006874624043997594,0.006874624043997594,0.6977778508028161,0.703094713810059,0.015125015098866849,0.2870971340983173,0.014963890611559005,0.28335367195470823,0.0005601456378658452,0.7011222917958669,0.018473661497594773,train
2004,41,34664,49987,28,251,0,0.0008077544426494346,0.007240941610893146,0.6921616489688099,0.6977778508028161,0.015688648257835197,0.292149702773355,0.01552403624942485,0.2883749774941485,0.0005601456378658452,0.6955408406185608,0.019266493758097525,train
2004,42,34415,49987,19,263,1,0.0005520848467238123,0.0076420165625454015,0.6864900062255525,0.6921616489688099,0.016070780215714245,0.2974392135587334,0.015904135075119532,0.2936363454498169,0.0005801508392181968,0.6898793686358453,0.019807941865568002,train
2004,43,34148,49987,29,237,0,0.0008492444652688298,0.006940377181679747,0.681142508812644,0.6864900062255525,0.01665377805396366,0.3022037131333924,0.01648428591433773,0.2983775781703243,0.0005801508392181968,0.6845579850761199,0.020640364545839063,train
2004,44,33895,49987,31,229,0,0.0009145891724443133,0.006756158725475734,0.6759176363449855,0.681142508812644,0.017276743617415262,0.30680562003759937,0.017104447156260628,0.3029587692800128,0.0005801508392181968,0.6793566327245084,0.021536076264354498,train
2004,45,33646,49987,31,228,1,0.0009213576651013494,0.006776437020745408,0.6707145611558589,0.6759176363449855,0.0178995055126389,0.3113859333315023,0.017724608398183527,0.30751995518834896,0.0006001560405705483,0.674155280372897,0.0224375915005135,train
2004,46,33405,49987,28,184,1,0.0008381978745696752,0.0055081574614578655,0.6664579682217161,0.6707145611558589,0.018461697032242673,0.31508033474604136,0.018284754036049372,0.31120091223718166,0.0006201612419228999,0.6698941724848461,0.023256982233576973,train
2004,47,33198,49987,31,225,1,0.0009337911922404964,0.0067775167178745705,0.6613187056196089,0.6664579682217161,0.01908402961296661,0.3195972647674248,0.01890491527797227,0.31570208254146076,0.0006401664432752515,0.6647528357372917,0.02416905626064969,train
2004,48,32957,49987,31,230,1,0.0009406195952301483,0.00697879054525594,0.6560814515562319,0.6613187056196089,0.019706078946164652,0.3242124694976038,0.019525076519895174,0.32030327885250165,0.0006601716446276032,0.6595114729829756,0.025086941967962906,train
2004,49,32711,49987,37,254,1,0.001131117972547461,0.007764972027758246,0.6502448919156564,0.6560814515562319,0.02044818446747493,0.329306923616869,0.020265268969932183,0.32538459999599895,0.0006801768459799548,0.6536699541880889,0.02618968364957419,train
2004,50,32430,49987,33,287,0,0.0010175763182238668,0.008849830403946962,0.6438286610981107,0.6502448919156564,0.02110985827053434,0.3350614806313554,0.020925440614559785,0.33112609278412386,0.0006801768459799548,0.6472682897553363,0.02718060996593452,train
2004,51,32124,49987,38,281,1,0.0011829161997260614,0.008747354003237454,0.6374352685289941,0.6438286610981107,0.021871453623595237,0.34069327784741094,0.021685638265949148,0.33674755436413467,0.0007001820473323064,0.6408666253225839,0.028331373781813496,train
2004,52,31816,49987,34,275,0,0.0010686447070656273,0.008643449836560221,0.6312444369355991,0.6374352685289941,0.022552645449405703,0.3462029176149956,0.022365815111929102,0.3422489847360314,0.0007001820473323064,0.6346850181047072,0.02936974231624323,train
2004,53,31518,49987,33,370,1,0.0010470207500475918,0.011739323561139665,0.6231731282204189,0.6312444369355991,0.023213571473229385,0.353613300306352,0.023025986756556704,0.34965090923640146,0.000720187248684658,0.6266029167583571,0.03038601233666216,train
2004,54,31121,49987,52,338,1,0.0016708974647344237,0.010860833520773754,0.615363690220163,0.6231731282204189,0.024254829873263502,0.36038147990657377,0.02406625722687899,0.3564126672934963,0.0007401924500370096,0.6187808830295877,0.03200613789041995,train
2004,55,30742,49987,43,390,2,0.0013987378830264785,0.012686227311170386,0.6066963140616395,0.615363690220163,0.025115562378613416,0.3681881235597474,0.02492648088503011,0.3642146958209134,0.0007802028527417129,0.6100786204413147,0.0333601075758897,train
2004,56,30317,49987,54,384,0,0.001781178876537916,0.01266616089982518,0.5979311662713238,0.6066963140616395,0.026196197037693422,0.375872636690983,0.026006761758057096,0.37189669314021645,0.0007802028527417129,0.6013163422489847,0.0350818661334944,train
2004,57,29883,49987,45,397,0,0.0015058729043268748,0.013285145400394873,0.5890871554460411,0.5979311662713238,0.027096605379633976,0.38381623917432517,0.026906995818912916,0.37983875807710005,0.0007802028527417129,0.5924740432512453,0.03653491020617761,train
2004,58,29445,49987,43,395,1,0.0014603498047206656,0.013414841229410767,0.5803243714730282,0.5890871554460411,0.027956878692053055,0.39171874983491906,0.027767219477064037,0.3877408126112789,0.0008002080540940645,0.5836917598575629,0.03794190626191318,train
2004,59,29013,49987,46,408,1,0.0015854961568951848,0.014062661565505119,0.5712433641780654,0.5803243714730282,0.028876980752776154,0.39987965506915873,0.028687458739272212,0.3959029347630384,0.0008202132554464161,0.574589393242243,0.0394672456722448,train
2004,60,28559,49987,51,393,1,0.0017857768129136175,0.01376098602892258,0.5623623790702164,0.5712433641780654,0.029897093907056114,0.40774052702272784,0.029707724008242144,0.40376497889451257,0.0008402184567987676,0.5656870786404465,0.04118254279296729,train
2004,61,28115,49987,41,384,1,0.0014582962831228882,0.013658189578516807,0.5538614361178834,0.5623623790702164,0.030717184874222356,0.4154213790078946,0.03052793726368856,0.4114469762138156,0.0008602236581511193,0.5571648628643447,0.042580782727005606,train
2004,62,27692,49987,52,361,0,0.0018777986422071355,0.013036255958399539,0.5456011164184509,0.5538614361178834,0.031757225126935414,0.4226416584546141,0.031568207734010846,0.4186688539020145,0.0008602236581511193,0.5489027147058235,0.044378623233223835,train
2004,63,27298,49987,46,361,0,0.0016851051359073924,0.01322441204483845,0.5374664671993757,0.5456011164184509,0.03267662037036895,0.4298569124302555,0.032488446996219014,0.42589073159021346,0.0008602236581511193,0.5407605977554164,0.04598894572319645,train
2004,64,26895,49987,43,298,1,0.001598810187767243,0.01108012641754973,0.5306519639342712,0.5374664671993757,0.03353592723371058,0.43581210883201843,0.03334867065437014,0.43185228159321426,0.0008802288595034709,0.5339188188929122,0.047514228316016704,train
2004,65,26561,49987,39,287,0,0.0014683182109107337,0.010805316064907195,0.5241389358011974,0.5306519639342712,0.034315093176010815,0.44154597102279197,0.03412887350711185,0.4375937743813392,0.0008802288595034709,0.5273971232520456,0.04891278052021364,train
2004,66,26247,49987,44,293,2,0.0016763820627119289,0.011163180553968073,0.517409221115138,0.5241389358011974,0.035193750286356865,0.44739702859850544,0.03500910236661532,0.4434552983775782,0.0009202392622081741,0.5206153599935983,0.050507166075024146,train
2004,67,25931,49987,45,342,1,0.0017353746481045852,0.013188847325594848,0.5096872910479767,0.517409221115138,0.036091649131375615,0.4542210598206479,0.03590933642747114,0.45029707724008244,0.0009402444635605257,0.5128533418688859,0.05215489186757449,train
2004,68,25555,49987,54,349,4,0.0021130894149872822,0.01365681862649188,0.5016495693382395,0.5096872910479767,0.03716866395104264,0.46118176671071814,0.03698961730049813,0.4572788925120531,0.0010202652689699323,0.5047112249184789,0.05415777333261662,train
2004,69,25159,49987,46,336,0,0.001828371556898128,0.013355061806908064,0.49403280653021026,0.5016495693382395,0.03808586575515087,0.46788132771463914,0.037909856562706304,0.46400064016644327,0.0010202652689699323,0.4970692380018805,0.05588712435716836,train
2004,70,24783,49987,43,419,1,0.0017350603236089255,0.01690675059516604,0.48482314036320234,0.49403280653021026,0.038943042476322604,0.4762338171604753,0.03877008022085742,0.4723828195330786,0.0010402704703222838,0.48780682977574175,0.05752521714870462,train
2004,71,24336,49987,46,392,0,0.0018902038132807364,0.016107823800131493,0.47609728009532415,0.48482314036320234,0.03985945702500387,0.4840432628796722,0.039690319483065596,0.48022485846320045,0.0010402704703222838,0.47904455158341164,0.059306686577171086,train
2004,72,23904,49987,47,417,0,0.00196619812583668,0.017444779116465862,0.46685576662627165,0.47609728009532415,0.040795558604843234,0.49234867476888533,0.040630563946626126,0.48856702742713104,0.0010402704703222838,0.4697621381559205,0.061156276007010124,train
2004,73,23454,49987,26,402,3,0.0011085529120832267,0.017139933486825274,0.45833635551874014,0.46685576662627165,0.041313092924459636,0.5003505515568004,0.041150699181787265,0.4966091183707764,0.0011002860743793386,0.46113989637305697,0.06219703395123366,train
2004,74,23036,49987,41,383,3,0.001779822885917694,0.016626150373328704,0.44990022881532177,0.45833635551874014,0.04212885045946,0.5079709207252184,0.04197091243723368,0.5042711104887271,0.0011603016784363935,0.4525976753956028,0.06386615713268873,train
2004,75,22619,49987,31,370,2,0.0013705292011141077,0.016357929174587737,0.44192419133555055,0.44990022881532177,0.04274545186063932,0.5153303568038102,0.04259107367915658,0.5116730349890972,0.0012003120811410967,0.44453557925060516,0.06514915590048953,train
2004,76,22217,49987,30,418,1,0.0013503173245712743,0.01881442138902642,0.4330129054860512,0.44192419133555055,0.04334218975234687,0.523644904761602,0.04319122971972713,0.5200352091543802,0.0012203172824934484,0.43555324384339933,0.06641150119116712,train
2004,77,21769,49987,27,382,3,0.001240295833524737,0.01754788920023887,0.4248773788957717,0.4330129054860512,0.04387925385488366,0.5312433672493447,0.04373137015624062,0.5276771960709784,0.001280332886550503,0.42731110088623037,0.0675694271164663,train
2004,78,21357,49987,41,410,1,0.001919745282577141,0.01919745282577141,0.4159051591138738,0.4248773788957717,0.04469491019869255,0.5393999306874337,0.04455158341168704,0.5358793286254426,0.0013003380879028548,0.41826874987496754,0.0693594563100901,train
2004,79,20906,49987,32,399,3,0.001530661054242801,0.019085430020089927,0.4073308204752974,0.4159051591138738,0.045331520028006805,0.5473376594966959,0.04519174985496229,0.5438614039650309,0.0013603536919599096,0.4095864924880469,0.07078395154581574,train
2004,80,20472,49987,32,350,2,0.0015631105900742479,0.017096522078937085,0.3997301769904613,0.4073308204752974,0.045968223147155374,0.5543015998623834,0.04583191629823754,0.550863224438354,0.0014003640946646128,0.4019044951687438,0.07223641899162148,train
2004,81,20088,49987,32,326,0,0.0015929908403026682,0.016228594185583433,0.39260635165381336,0.3997301769904613,0.046604989657693746,0.560788658688493,0.046472082741512794,0.5573849200792206,0.0014003640946646128,0.394742633084602,0.0737143378781342,train
2004,82,19730,49987,36,318,0,0.001824632539280284,0.016117587430309173,0.3855621221309826,0.39260635165381336,0.04732135198204941,0.567116525886968,0.047192269990197454,0.5637465741092684,0.0014003640946646128,0.38766079180586954,0.07540446883791063,train
2004,83,19376,49987,33,293,2,0.001703137902559868,0.015121800165152766,0.379075063304873,0.3855621221309826,0.047978017446042104,0.572946919249085,0.047852441634825056,0.5696080981055074,0.001440374497369316,0.38109908576229823,0.07697918253157021,train
2004,84,19049,49987,41,294,0,0.002152343955063258,0.015433881043624337,0.3724085639502018,0.379075063304873,0.04879391736706157,0.5787975186827368,0.04867265489027147,0.5754896273030988,0.001440374497369316,0.37439734330926044,0.07896584080844593,train
2004,85,18714,49987,21,301,3,0.0011221545367104842,0.016084215026183606,0.3660007645704879,0.3724085639502018,0.04921181732660812,0.584787418102904,0.049092764118670855,0.5815111929101566,0.0015003901014263709,0.3678956528697461,0.0799993834686481,train
2004,86,18389,49987,24,278,0,0.001305128065691446,0.015117733427592582,0.3599899847075107,0.3660007645704879,0.04968949519651359,0.5903205200959757,0.04957288895112729,0.5870726388861104,0.0015003901014263709,0.36185408206133596,0.08120010209373663,train
2004,87,18087,49987,28,318,0,0.0015480732017471113,0.017581688505556477,0.35310346208304016,0.3599899847075107,0.05024678604473664,0.5966497518722231,0.05013303458899314,0.5934342929161582,0.0015003901014263709,0.35493228239342234,0.08262247159345326,train
2004,88,17741,49987,26,327,1,0.0014655318189504538,0.018431880953723015,0.3460776167465138,0.35310346208304016,0.0507642704038009,0.6031581128496851,0.05065316982415428,0.5999759937583772,0.0015203953027787226,0.34785044111468977,0.08396691755132324,train
2004,89,17387,49987,18,330,1,0.0010352562259159143,0.018979697475125092,0.33915088927036574,0.3460776167465138,0.05112254941118787,0.6097265613184463,0.05101326344849661,0.6065777102046532,0.001540400504131074,0.34086862584271915,0.08491524650307325,train
2004,90,17038,49987,28,357,1,0.0016433853738701725,0.0209531635168447,0.3314872496196385,0.33915088927036574,0.05167990502214986,0.6168328453582115,0.05157340908636245,0.6137195670874427,0.0015604057054834258,0.33314661812071134,0.08641908340282167,train
2004,91,16652,49987,24,345,1,0.001441268316118184,0.020718232044198894,0.32414165779225157,0.3314872496196385,0.0521576670922238,0.6237006751155244,0.052053533918818895,0.620621361554004,0.0015804109068357772,0.3257446936203413,0.08773579863212344,train
2004,92,16282,49987,19,343,0,0.0011669328092371945,0.02106620808254514,0.31693497064566056,0.32414165779225157,0.052535918627542116,0.6305291107267971,0.05243363274451358,0.6274831456178607,0.0015804109068357772,0.31850281073079,0.08880034965939221,train
2004,93,15920,49987,18,351,0,0.0011306532663316582,0.022047738693467336,0.3095889276702681,0.31693497064566056,0.05289426218731736,0.6375168101424143,0.0527937263688559,0.634504971292536,0.0015804109068357772,0.31112089143177224,0.0898306005203301,train
2004,94,15551,49987,27,359,0,0.0017362227509484921,0.023085332132981803,0.3019044491106434,0.3095889276702681,0.05343177752698023,0.6446637733623761,0.0533338668053694,0.6416868385780303,0.0015804109068357772,0.30339888370976453,0.09141085733892385,train
2004,95,15165,49987,32,350,0,0.0021101219914276296,0.0230794592812397,0.29429960245319087,0.3019044491106434,0.05406883274435843,0.6516315648024507,0.053974033248644644,0.6486886590513533,0.0015804109068357772,0.2957568967931662,0.09332809127002517,train
2004,96,14784,49987,23,376,0,0.0015557359307359307,0.025432900432900432,0.28635685750061896,0.29429960245319087,0.05452668521029616,0.6591164572890849,0.05443415287974873,0.6562106147598376,0.0015804109068357772,0.2877748214535779,0.09473863333582533,train
2004,97,14385,49987,21,343,1,0.00145985401459854,0.023844282238442822,0.27911084456143054,0.28635685750061896,0.05494472441832626,0.6659444310202431,0.054854262108148116,0.6630723988236942,0.001600416108188129,0.2804729229599696,0.09606018277621098,train
2004,98,14020,49987,24,338,1,0.0017118402282453639,0.024108416547788874,0.2719041308858786,0.27911084456143054,0.05542251759018606,0.6726733515239353,0.05533438694060456,0.669834156880789,0.0016204213095404806,0.27321103486906595,0.09760758331924735,train
2004,99,13657,49987,9,334,0,0.0006590027092333602,0.02445632276488248,0.2650751701409232,0.2719041308858786,0.055601703149091596,0.6793231267099852,0.05551443375277572,0.6765158941324745,0.0016204213095404806,0.2663492508052093,0.09820226236663165,train
2004,100,13314,49987,18,355,0,0.0013519603424966202,0.026663662310350007,0.257648924199616,0.2650751701409232,0.055960074266902665,0.6863910015334813,0.05587452737711805,0.6836177406125593,0.0016204213095404806,0.2588873107007822,0.09942145714486517,train
2004,101,12941,49987,21,341,1,0.0016227494011281972,0.02635035932308168,0.25044168283030444,0.257648924199616,0.05637817390434892,0.6931801432653466,0.05629463660551744,0.6904395142737112,0.0016404265108928321,0.2516254226098785,0.10088287043595223,train
2004,102,12578,49987,17,326,0,0.0013515662267451105,0.025918269995229767,0.24361217915636627,0.25044168283030444,0.05671666242463157,0.6996711584190022,0.05663472502850741,0.6969612099145778,0.0016404265108928321,0.244763638546022,0.10209808678215904,train
2004,103,12235,49987,14,340,0,0.0011442582754393135,0.027789129546383327,0.23656365349871578,0.24361217915636627,0.056995417676629044,0.7064409288246551,0.056914797847440336,0.7037629783743773,0.0016404265108928321,0.23768179726728944,0.10312551847689133,train
2004,104,11881,49987,22,304,0,0.0018516959851864322,0.025587071795303427,0.23007263834506025,0.23656365349871578,0.05743346164405365,0.7124939000108861,0.05735491227719207,0.7098445595854922,0.0016404265108928321,0.23116010162642286,0.10478625735354385,train
2004,105,11555,49987,10,277,0,0.0008654262224145391,0.023972306360882736,0.22435815567911196,0.23007263834506025,0.05763257253833756,0.7180092717825505,0.057554964290715584,0.7153860003600936,0.0016404265108928321,0.225418608838298,0.10556099880109604,train
2004,106,11268,49987,18,293,0,0.001597444089456869,0.02600283990060348,0.2181658068668823,0.22435815567911196,0.0579909721480486,0.7238432209850691,0.05791505791505792,0.7212475243563327,0.0016404265108928321,0.21919699121771663,0.10698981509694094,train
2004,107,10957,49987,12,263,1,0.0010951902893127682,0.02400292050743817,0.21269025727407473,0.2181658068668823,0.058229905221189295,0.729079837504736,0.058155120331286135,0.7265088923120011,0.0016604317122451838,0.2136755556444676,0.10796783117970421,train
2004,108,10681,49987,12,276,1,0.001123490309896077,0.025840277127609775,0.20695532664071328,0.21269025727407473,0.058468860664246024,0.7345758126950408,0.05839518274751435,0.7320303278852501,0.0016804369135975353,0.2078940524536379,0.1089700206774894,train
2004,109,10392,49987,11,227,1,0.001058506543494996,0.0218437259430331,0.2022155876356623,0.20695532664071328,0.058687924231706365,0.7390964881326314,0.05861523996239022,0.736571508592234,0.001700442114949887,0.20311280933042586,0.10991318174105258,train
2004,110,10153,49987,8,210,0,0.0007879444499162809,0.020683541810302374,0.19787371842414114,0.2022155876356623,0.058847258881670444,0.7432790226941884,0.058775281573209034,0.7407726008762279,0.001700442114949887,0.19875167543561323,0.11061452070944333,train
2004,111,9935,49987,12,182,0,0.0012078510317060896,0.01831907398087569,0.19400985316251224,0.19787371842414114,0.059086260856616564,0.7469038859808712,0.05901534398943725,0.7444135475223558,0.001700442114949887,0.194870666373257,0.11168876587818877,train
2004,112,9741,49987,10,175,1,0.001026588645929576,0.01796530130376758,0.1903252393820929,0.19400985316251224,0.05928542916907166,0.7503893314488355,0.05921539600296077,0.7479144577590173,0.0017204473163022387,0.19114969892171962,0.11260069610518986,train
2004,113,9555,49987,13,175,0,0.0013605442176870747,0.018315018315018316,0.1865804832330784,0.1903252393820929,0.05954437507299287,0.7538751416939288,0.05947546362054134,0.7514153679956789,0.0017204473163022387,0.1873887210674775,0.11380804209688344,train
2004,114,9367,49987,15,161,0,0.0016013664994128324,0.017188000427031065,0.1830747540722989,0.1865804832330784,0.059843158808286584,0.7570820871194146,0.059775541640826615,0.7546362054134075,0.0017204473163022387,0.1838678056294637,0.11522716021031854,train
2004,115,9191,49987,12,152,0,0.0013056250680013057,0.01653791752801654,0.17980805189975432,0.1830747540722989,0.06008218579652155,0.7601097623037242,0.06001560405705483,0.7576769960189649,0.0017204473163022387,0.180586952607678,0.11638234180943474,train
2004,116,9027,49987,16,141,0,0.0017724603965880137,0.015619807244931871,0.17668078213701352,0.17980805189975432,0.06040088844750151,0.7629183294154851,0.06033568727869246,0.7604977294096466,0.0017204473163022387,0.17744613599535874,0.11794851911430326,train
2004,117,8870,49987,14,124,0,0.0015783540022547915,0.013979706877113867,0.17393197177231137,0.17668078213701352,0.06067975326710897,0.7653882749605798,0.060615760097625385,0.7629783743773381,0.0017204473163022387,0.1746854182087343,0.11934070859935397,train
2004,118,8732,49987,18,152,0,0.002061383417315621,0.017407237746220796,0.17054575610564934,0.17393197177231137,0.061038293749461424,0.7684159501448894,0.06097585372196771,0.7660191649828956,0.0017204473163022387,0.17128453397883447,0.12115608505895226,train
2004,119,8562,49987,18,210,0,0.002102312543798178,0.02452697967764541,0.16600424332918495,0.17054575610564934,0.06139683423181388,0.7725989224390013,0.06133594734631004,0.7702202572668894,0.0017204473163022387,0.16672334807049838,0.12300368964537356,train
2004,120,8334,49987,12,217,0,0.0014398848092152627,0.02603791696664267,0.1614428116370343,0.16600424332918495,0.06163586122004885,0.776921327142917,0.06157600976253826,0.7745613859603497,0.0017204473163022387,0.1621421569608098,0.12426646331039104,train
2006,0,41456,49972,0,34,1,0.0,0.0008201466615206484,0.9991798533384794,1.0,0.0,0.0008201466615206484,0.0,0.0006803810133674858,2.0011206275514287e-05,0.999299607780357,0.0,test
2006,1,45787,49972,0,103,0,0.0,0.00224954681459803,0.9969321514821913,0.9991798533384794,0.0,0.0030678485178087514,0.0,0.0027415352597454576,2.0011206275514287e-05,0.997238453533979,0.0,test
2006,2,46901,49972,0,144,0,0.0,0.0030702970085925672,0.9938712736797258,0.9969321514821913,0.0,0.006128726320274275,0.0,0.005623148963419515,2.0011206275514287e-05,0.994356839830305,0.0,test
2006,3,47345,49972,15,250,5,0.00031682331819621925,0.005280388636603654,0.9883083655051534,0.9938712736797258,0.0003148815947871135,0.0113767529000595,0.00030016809413271434,0.010625950532298086,0.00012006723765308573,0.9889538141359161,0.00031682331819626874,test
2006,4,47405,49972,13,326,2,0.00027423267587807195,0.006876911718173189,0.9812408296775773,0.9883083655051534,0.0005859080424522752,0.01817326227997048,0.0005603137757144,0.017149603778115745,0.0001600896502041143,0.9821299927959657,0.0005909691107680581,test
2006,5,47215,49972,11,300,0,0.00023297680821772742,0.006353912951392566,0.9747775045048626,0.9812408296775773,0.0008145143990434719,0.024407981096094024,0.0007804370447450572,0.02315296566077003,0.0001600896502041143,0.9759065076442808,0.0008238082368886568,test
2006,6,47008,49972,15,337,5,0.00031909462219196735,0.007168992511912866,0.9674782856147649,0.9747775045048626,0.0011255606585646796,0.03139615372667049,0.0010806051388777716,0.029896742175618347,0.00026014568158168577,0.9687625070039222,0.001142639986302485,test
2006,7,46769,49972,25,306,3,0.0005345421112275225,0.0065427954414248755,0.9606311152126078,0.9674782856147649,0.0016427185439239801,0.03772616624346833,0.0015808852957656288,0.03602017129592572,0.0003201793004082286,0.9620787641079004,0.0016765713083393141,test
2006,8,46541,49972,14,371,0,0.00030081003846071203,0.007971466019208869,0.9526845094379821,0.9606311152126078,0.0019316860266376415,0.04538380453538035,0.0018610421836228288,0.043444328824141516,0.0003201793004082286,0.9543744496918274,0.0019768770173203,test
2006,9,46348,49972,24,325,0,0.0005178216967290929,0.007012168809873134,0.9455108041261271,0.9526845094379821,0.002425006735762341,0.05206418913811066,0.0023413111342351716,0.04994797086368366,0.0003201793004082286,0.9473905387016729,0.0024936750442380307,test
2006,10,46244,49972,41,349,1,0.0008866015050601159,0.007546925006487328,0.9375368136925748,0.9455108041261271,0.003263298037751166,0.05919988826967407,0.0031617705915312575,0.05693188185383815,0.0003401905066837429,0.9395661570479469,0.003378065653250828,test
2006,11,46023,49972,48,332,1,0.001042956782478326,0.007213784412141756,0.9297958148614864,0.9375368136925748,0.004241108416414956,0.06596307672209861,0.0041223084927559436,0.0635756023373089,0.00036020171295925716,0.9319418874569759,0.004417499259244506,test
2006,12,45760,49972,40,378,2,0.0008741258741258741,0.008260489510489511,0.9213024877065017,0.9297958148614864,0.005053866995839332,0.07364364529765897,0.004922756743776515,0.0711398383094533,0.0004002241255102858,0.9235371808212599,0.0052877636829689045,test
2006,13,45471,49972,19,403,1,0.00041784873875657015,0.008862791669415672,0.912752210610943,0.9213024877065017,0.005438832078340784,0.0818089573107161,0.005302969663011286,0.07920435443848556,0.00042023533178580004,0.9150724405667173,0.005703402936339752,test
2006,14,45075,49972,47,438,1,0.0010427066001109262,0.009717138103161398,0.9029311385722006,0.912752210610943,0.006390564832610652,0.09067829659518849,0.006243496357960458,0.08796926278716082,0.00044024653806131435,0.9053469943168174,0.0067401625605658655,test
2006,15,44617,49972,45,463,4,0.001008584171952395,0.010377210480310196,0.892650550043284,0.9029311385722006,0.007301246887337528,0.10004820306937834,0.0071440006403586005,0.09723445129272393,0.0005202913631633715,0.8951012567037541,0.0077419487112432295,test
2006,16,44133,49972,50,475,0,0.0011329390705367866,0.010762921170099473,0.882031703856242,0.892650550043284,0.008312565571817717,0.10965573057194014,0.008144560954134315,0.10673977427359321,0.0005202913631633715,0.8845953734091091,0.008866116625602993,test
2006,17,43661,49972,47,538,3,0.0010764755731659833,0.012322209752410619,0.87021363860909,0.882031703856242,0.009262051155776935,0.12052431023513288,0.009085087649083487,0.11750580324981989,0.0005803249819899143,0.8728287841191067,0.009933048040792758,test
2006,18,43116,49972,70,527,3,0.0016235272288709528,0.012222840708785602,0.8581643403845416,0.87021363860909,0.01067486669299366,0.13116079292246452,0.010485872088369487,0.12805170895701593,0.0006403586008164572,0.8608220603537982,0.011540448695703809,test
2006,19,42561,49972,66,526,1,0.001550715443716078,0.01235873217264632,0.8462277484457327,0.8581643403845416,0.01200563538887439,0.14176661616539277,0.01180661170255343,0.13857760345793643,0.0006603698070919715,0.8489554150324181,0.013073268187400067,test
2006,20,41999,49972,60,497,2,0.0014286054429867377,0.011833615086073479,0.8350048894280353,0.8462277484457327,0.013214560956310375,0.15178054961565418,0.013007284079084287,0.14852317297686704,0.0007003922196430001,0.8377691507244056,0.014483197088296706,test
2006,21,41483,49972,77,490,2,0.0018561820504785092,0.01181206759395415,0.823591834145011,0.8350048894280353,0.014764482044128486,0.16164368381086033,0.014548146962298888,0.15832866405186904,0.0007404146321940287,0.826382774353638,0.016312495688306394,test
2006,22,40961,49972,72,452,2,0.001757769585703474,0.01103488684358292,0.813055906772828,0.823591834145011,0.016212166721222325,0.17073192650594943,0.015988953814135915,0.1673737292884015,0.0007804370447450572,0.8158568798527175,0.018041591665222123,test
2006,23,40490,49972,76,456,4,0.0018770066683131638,0.011262040009878982,0.80237312726176,0.813055906772828,0.01773827807994633,0.17988859465829346,0.017509805491075003,0.17649883935003602,0.0008604818698471143,0.8051308732890419,0.01988473414567271,test
2006,24,40008,49972,91,418,4,0.0022745450909818035,0.010447910417916416,0.7921649708486368,0.80237312726176,0.019563311937695286,0.18827171721366778,0.019330825262146804,0.184863523573201,0.0009405266949491716,0.794865124469703,0.022114050512218042,test
2006,25,39556,49972,117,427,6,0.0029578319344726466,0.010794822530083932,0.78127059972563,0.7921649708486368,0.021906402785841977,0.19682299748852794,0.021672136396381974,0.19340830865284558,0.0010605939326022572,0.7838589610181702,0.02500647280188506,test
2006,26,39053,49972,99,468,0,0.0025350165160166953,0.01198371443935165,0.7699275420848742,0.78127059972563,0.023886936659624717,0.20618552125550088,0.02365324581765789,0.2027735531897863,0.0010605939326022572,0.7725126070599536,0.02747809749634167,test
2006,27,38513,49972,113,504,2,0.002934074208708748,0.013086490276010698,0.7575928682483419,0.7699275420848742,0.026145961203430466,0.2162611705482274,0.025914512126791002,0.21285920115264548,0.0011006163451532857,0.7601256703754102,0.030331548927882035,test
2006,28,37906,49972,133,586,2,0.0035086793647443677,0.015459294043159395,0.7432228668693899,0.7575928682483419,0.02880411166713092,0.22797302146347903,0.028576002561434402,0.22458576803009686,0.0011406387577043145,0.7456975906507644,0.03373380461280251,test
2006,29,37190,49972,112,635,1,0.0030115622479161067,0.01707448238773864,0.728294459191212,0.7432228668693899,0.031042373594782752,0.24066316721400505,0.030817257664292004,0.23729288401504842,0.0011606499639798286,0.7307292083566798,0.03664377540826813,test
2006,30,36448,49972,98,708,7,0.002688762071992976,0.019424934152765583,0.7121891767584828,0.728294459191212,0.03300058411389872,0.25481023912761835,0.032778355879292405,0.25146081805811255,0.0013007284079084287,0.7144600976546867,0.039234011086768716,test
2006,31,35638,49972,118,671,0,0.0033110724507548124,0.018828217071665078,0.6964218143794927,0.7121891767584828,0.03535869407678948,0.2682194915437175,0.03513967821980309,0.2648883374689826,0.0013007284079084287,0.6986712559033059,0.042415176884281425,test
2006,32,34853,49972,140,670,3,0.004016870857601928,0.01922359624709494,0.6802366461114128,0.6964218143794927,0.038156130567568725,0.2816072233210182,0.03794124709837509,0.2782958456735772,0.0013607620267349716,0.6824021452013127,0.04626167145393689,test
2006,33,34043,49972,158,666,1,0.004641189084393267,0.019563493229151366,0.663771734194255,0.6802366461114128,0.0413132374643053,0.29491502834143946,0.041103017689906346,0.2916233090530697,0.001380773233010486,0.6658929000240135,0.05068815137375238,test
2006,34,33224,49972,172,744,2,0.005176980496026968,0.02239345051769805,0.6454712613877917,0.663771734194255,0.044749570786042955,0.3097791678261651,0.0445449451692948,0.3065116465220524,0.0014207956455615145,0.6475226126630913,0.05560272029873781,test
2006,35,32310,49972,150,719,7,0.004642525533890436,0.02225317239244816,0.6281108613213728,0.6454712613877917,0.04774618759842825,0.3241429510801986,0.04754662611062195,0.3208997038341471,0.0015608740894901144,0.6299927959657408,0.05998710878388758,test
2006,36,31435,49972,147,719,5,0.0046763162080483535,0.022872594242086847,0.6108070914500731,0.6281108613213728,0.050683432599676594,0.33850947595025005,0.05048827343312255,0.33528776114624187,0.001660930120867686,0.6125630352997679,0.06438290630285581,test
2006,37,30565,49972,163,654,8,0.005332897104531327,0.021397022738426304,0.5944802668561026,0.6108070914500731,0.05394080396909789,0.35157892917479927,0.053750100056031376,0.3483750900504282,0.0018210197710718003,0.5960537901224685,0.0693724559927833,test
2006,38,29742,49972,147,611,1,0.004942505547710308,0.020543339385380943,0.5793294349592252,0.5944802668561026,0.05687902598603848,0.363791539054736,0.05669174737853198,0.36060193708476745,0.0018410309773473144,0.5808652845593532,0.07397208779189102,test
2006,39,28986,49972,153,555,5,0.005278410267025461,0.019147174498033534,0.5651789747387349,0.5793294349592252,0.059936964423517314,0.37488406083774745,0.059753461938685665,0.3717081565676779,0.001941087008724886,0.5665972944849116,0.0788600430312425,test
2006,40,28273,49972,158,518,8,0.005588370530187812,0.018321366674919536,0.5516656939788798,0.5651789747387349,0.06309539395022902,0.3852389120708909,0.06291523253021693,0.3820739614183943,0.002101176658929,0.5529096293924598,0.08400771442094512,test
2006,41,27589,49972,146,449,8,0.005291964188625902,0.016274602196527602,0.5397681591672725,0.5516656939788798,0.0660147890468587,0.3942170517858685,0.065836868646442,0.3910589930361002,0.0022612663091331146,0.5408428720083247,0.08885511279328706,test
2006,42,26987,49972,126,420,8,0.004668914662615333,0.015563048875384445,0.528847589452027,0.5397681591672725,0.06853492051960766,0.40261749002836505,0.0683582806371568,0.3994636996718162,0.002421355959337229,0.5297566637316897,0.09310917051693346,test
2006,43,26437,49972,161,454,11,0.006089949691719938,0.01717290161516057,0.5165450866146023,0.528847589452027,0.07175557573395787,0.41169933765143957,0.0715800848475146,0.4085487873208997,0.002641479228367886,0.5172296486032177,0.09863209004436746,test
2006,44,25814,49972,144,446,7,0.005578368327264275,0.017277446346943517,0.5047390278440663,0.5165450866146023,0.07463705448473275,0.42062391767120066,0.07446169855118867,0.4174737853197791,0.002781557672296486,0.5052829584567358,0.10366025224447639,test
2006,45,25223,49972,120,431,5,0.004757562542124252,0.017087578797129604,0.4937129324413751,0.5047390278440663,0.07703838197715189,0.4292486855814727,0.07686304330425038,0.42609861522452575,0.0028816137036740573,0.4941567277675498,0.10792464465341511,test
2006,46,24671,49972,120,463,6,0.00486401037655547,0.018766973369543187,0.4820460101596143,0.4937129324413751,0.07943980680358637,0.43851418303679907,0.07926438805731209,0.43536380373008887,0.003001680941327143,0.48237012727127193,0.11226370843849032,test
2006,47,24086,49972,118,503,5,0.004899111517063855,0.02088350078883999,0.4696176047660612,0.4820460101596143,0.08180140396371402,0.4485809912702246,0.08162571039782278,0.44542944048667255,0.003101736972704715,0.46984311214279995,0.11661282752859492,test
2006,48,23464,49972,94,466,8,0.004006137061029662,0.01986021138765769,0.4584095473730764,0.4696176047660612,0.08368275645467932,0.4579076961722441,0.08350676378772112,0.4547546626110622,0.003261826622908829,0.45847674697830787,0.12015179761947081,test
2006,49,22897,49972,105,422,3,0.0045857535921736475,0.01843036205616456,0.4478587402164353,0.4584095473730764,0.0857849096832321,0.4663563501003324,0.08560794044665013,0.4631993916593292,0.003321860241735372,0.44787080765228526,0.12418656467410483,test
2006,50,22371,49972,85,441,1,0.0037995619328595057,0.019713021322247552,0.437328424300569,0.4478587402164353,0.08748657670385689,0.4751849989955739,0.08730889298006884,0.47202433362683105,0.003341871448010886,0.4373249019450892,0.12751427206325594,test
2006,51,21845,49972,94,423,5,0.004303044174868391,0.01936369878690776,0.42697828489276884,0.437328424300569,0.08936842023254782,0.4836532948746831,0.08918994636996719,0.4804890738813736,0.0034419274793884573,0.4268790522692708,0.1312686166925099,test
2006,52,21330,49972,105,444,6,0.004922644163150493,0.02081575246132208,0.41598854844616173,0.42697828489276884,0.09147028239446721,0.49254116915937085,0.09129112302889618,0.4893740494677019,0.003561994717041543,0.41577283278636035,0.13554507216589418,test
2006,53,20776,49972,80,410,2,0.003850596842510589,0.01973430881786677,0.40617749777526174,0.41598854844616173,0.09307208658563457,0.5007504156391035,0.09289201953093733,0.49757864404066277,0.003602017129592572,0.4059273192988073,0.13887373958150484,test
2006,54,20284,49972,70,404,4,0.0034509958588049695,0.01991717609938868,0.3966858721617006,0.40617749777526174,0.09447380344839676,0.5088403243899025,0.09429280397022333,0.5056631713759705,0.003682061954694629,0.3963619626991115,0.1418454827401172,test
2006,55,19807,49972,76,355,3,0.0038370273135760083,0.017922956530519514,0.388053993992281,0.3966858721617006,0.09599589797479093,0.5159501080329278,0.0958136556471624,0.5127671496037781,0.003742095573521172,0.3876770991755383,0.14513824506211204,test
2006,56,19373,49972,90,391,3,0.00464564084034481,0.02018272853972023,0.37841924609003114,0.388053993992281,0.09779865745754039,0.5237820964524282,0.09761466421195869,0.5205915312575042,0.0038021291923477146,0.37799167533818934,0.14910962574370035,test
2006,57,18889,49972,75,379,4,0.003970564879030123,0.020064587855365558,0.36932388171262237,0.37841924609003114,0.09930119562561453,0.5313749226617629,0.09911550468262227,0.5281757784359241,0.003882174017449772,0.36882654286400385,0.15248814117962717,test
2006,58,18431,49972,78,309,5,0.004232000434051327,0.016765232488741795,0.36156910214435234,0.36932388171262237,0.10086417445332786,0.5375667234023196,0.10067637877211238,0.5343592411750581,0.003982230048827343,0.36098215000400224,0.15607481173401871,test
2006,59,18039,49972,92,330,2,0.005100060978989966,0.018293696989855314,0.35311064207977466,0.36156910214435234,0.10270819892238271,0.5441811589978425,0.10251740974945969,0.5409629392459777,0.004022252461378372,0.3524973985431842,0.16037888165588077,test
2006,60,17615,49972,85,303,4,0.004825432869713313,0.01720124893556628,0.3453327863246255,0.35311064207977466,0.10441211062132003,0.5502551030540543,0.10421836228287841,0.5470263347474585,0.004102297286480429,0.3446530056831826,0.16443041699844385,test
2006,61,17223,49972,69,290,2,0.00400627068454973,0.016837949253904663,0.3381345937745157,0.3453327863246255,0.10579560723958625,0.5560697989858979,0.1055991355158889,0.5528295845673578,0.004142319699031458,0.33742896021772195,0.1677779349237244,test
2006,62,16862,49972,76,266,1,0.0045071758984699326,0.015775115644644764,0.33127644936276834,0.3381345937745157,0.10731963933108567,0.5614039113061459,0.10711998719282799,0.5581525654366445,0.004162330905306972,0.3305651164652206,0.17152890615761107,test
2006,63,16519,49972,55,280,4,0.003329499364368303,0.016950178582238636,0.32455826965839596,0.33127644936276834,0.10842262405866919,0.5670191062829346,0.10822060353798127,0.5637557031937885,0.004242375730409029,0.32378131753782113,0.174287300137957,test
2006,64,16180,49972,58,330,2,0.003584672435105068,0.0203955500618047,0.3167752901387756,0.32455826965839596,0.10958605914149903,0.5736386507197251,0.1093812535019611,0.5703594012647082,0.004282398142960058,0.3159769470903706,0.17724720969246865,test
2006,65,15790,49972,50,306,1,0.0031665611146295125,0.019379354021532614,0.3096333013300736,0.3167752901387756,0.11058914745732797,0.5797775512125981,0.1103818138157368,0.5764828303850156,0.004302409349235572,0.308832946450012,0.17985250668520947,test
2006,66,15433,49972,69,361,3,0.004470938897168405,0.02339143394025789,0.30100618284553193,0.3096333013300736,0.11197349902810326,0.5870203181263645,0.1117625870487473,0.5837068758504763,0.004362442968062115,0.3001680941327143,0.18351933601448578,test
2006,67,15000,49972,56,347,1,0.0037333333333333333,0.023133333333333332,0.2929191500664153,0.30100618284553193,0.11309725544405991,0.5939835944895244,0.1128832146001761,0.5906507644280797,0.0043824541743376294,0.29208356679740655,0.18656753049336505,test
2006,68,14596,49972,43,340,1,0.002946012606193478,0.023294053165250753,0.285232932302957,0.2929191500664153,0.11396019895275104,0.6008068687442916,0.1137436964700232,0.5974545745617545,0.004402465380613143,0.28439926358760903,0.18896391280281866,test
2006,69,14212,49972,59,365,1,0.004151421334083873,0.02568252181255277,0.2767233092170821,0.285232932302957,0.11514432103309684,0.6081323697498207,0.11492435764027856,0.6047586648523173,0.004422476586888657,0.2758945009205155,0.19233086531792098,test
2006,70,13787,49972,56,318,2,0.004061797345325306,0.02306520635381156,0.2692166349843129,0.2767233092170821,0.11626831503586442,0.6145150499798223,0.11604498519170736,0.6111222284479308,0.004462498999439686,0.26837028736092217,0.19561145366507382,test
2006,71,13411,49972,50,389,0,0.003728282752963985,0.0290060398180598,0.2604040108132508,0.2692166349843129,0.11727203077288743,0.6223239584138613,0.11704554550548307,0.6189065876891059,0.004462498999439686,0.2595853678059713,0.19861044160905605,test
2006,72,12972,49972,44,347,2,0.0033919210607462227,0.026749922910884984,0.25255495374973086,0.2604040108132508,0.11815530062146769,0.629289745628801,0.1179260385816057,0.6258504762667093,0.004502521411990715,0.2517209637396942,0.20132869173002443,test
2006,73,12579,49972,57,389,5,0.004531361793465299,0.03092455680101757,0.24360038586894703,0.25255495374973086,0.11929971848963962,0.6370998956414129,0.11906667733931002,0.6336348355078845,0.004602577443368287,0.24269590970943733,0.20494776038185591,test
2006,74,12128,49972,37,365,0,0.0030507915567282323,0.030095646437994724,0.2355259007832514,0.24360038586894703,0.12004289249006435,0.6444312067266839,0.11980709197150405,0.6409389257984471,0.004602577443368287,0.23465140478668056,0.2073732990416408,test
2006,75,11726,49972,36,359,1,0.003070100631076241,0.030615725737676958,0.2275920161841226,0.2355259007832514,0.12076598070669381,0.6516420031091832,0.12052749539742255,0.6481229488513568,0.004622588649643801,0.22672696710157692,0.20980674277646094,test
2006,76,11330,49972,47,356,1,0.004148278905560459,0.03142100617828773,0.21949673087766175,0.2275920161841226,0.12171009586650439,0.6587931732558334,0.12146802209237173,0.6552469382854399,0.0046425998559193144,0.21864243976626907,0.2130846847967175,test
2006,77,10926,49972,40,323,2,0.003660992128866923,0.029562511440600403,0.21220428045586134,0.21949673087766175,0.12251367167055953,0.6652820478735787,0.1222684703433923,0.6617105579124309,0.004682622268470343,0.2113383494757064,0.21596557557176155,test
2006,78,10561,49972,36,330,4,0.0034087681090805796,0.03124704099990531,0.20485016942027331,0.21220428045586134,0.12323702685438787,0.6719128037253383,0.12298887376931081,0.6683142559833507,0.004762667093572401,0.2039342031537661,0.21863816711417383,test
2006,79,10191,49972,33,337,4,0.0032381513099793936,0.03306839368069866,0.19741276752786818,0.20485016942027331,0.1239003626988456,0.678686869773286,0.12364924357640278,0.675058032498199,0.004842711918674458,0.19645001200672374,0.2211683349569009,test
2006,80,9817,49972,27,311,2,0.002750331058368137,0.03167973922787002,0.1906158320664829,0.19741276752786818,0.12444331316469591,0.6849408547688209,0.12418954614584167,0.681281517649884,0.004882734331225486,0.18964620187304893,0.22331037987450952,test
2006,81,9477,49972,32,279,2,0.003376595969188562,0.029439696106362774,0.18436052724716492,0.1906158320664829,0.1250869458149151,0.6905525269379197,0.12482990474665813,0.6868646442007524,0.004922756743776515,0.18338269430881293,0.22593294691513588,test
2006,82,9164,49972,38,295,1,0.004146660846791794,0.032191182889567876,0.17766126321690456,0.18436052724716492,0.12585142639494482,0.6964873103881504,0.12559033058512767,0.6927679500520292,0.004942767950052029,0.17669895141279113,0.22914274045695437,test
2006,83,8830,49972,26,276,2,0.002944507361268403,0.031257078142695356,0.17158496633224937,0.17766126321690456,0.12637455129229924,0.7020404823754511,0.12611062194829104,0.6982910429840711,0.004982790362603058,0.17061554470503482,0.2314125353321661,test
2006,84,8526,49972,28,270,1,0.003284072249589491,0.03166783954961295,0.16558774372293547,0.17158496633224937,0.12693804871867773,0.7074742075583865,0.12667093572400545,0.70369406867846,0.005002801568878572,0.16463219402865603,0.23393663209626403,test
2006,85,8227,49972,23,258,2,0.0027956727847331954,0.03136015558526802,0.15993195716815914,0.16558774372293547,0.12740097786728932,0.7126670649645512,0.12713119346834229,0.7088569598975426,0.005042823981429601,0.15896902265268553,0.23607829460529361,test
2006,86,7944,49972,20,213,3,0.0025176233635448137,0.026812688821752265,0.15524110293601148,0.15993195716815914,0.12780362629923334,0.7169552707647548,0.12753141759385256,0.7131193468342272,0.005102857600256143,0.15424637797166418,0.23800156173871434,test
2006,87,7708,49972,15,188,1,0.0019460300985988583,0.024390243902439025,0.15115263071286536,0.15524110293601148,0.1281057301580865,0.7207416391290478,0.12783158568798528,0.7168814536140239,0.0051228688065316575,0.15016409189145918,0.2394844336346561,test
2006,88,7504,49972,23,209,0,0.0030650319829424308,0.02785181236673774,0.14647946835607104,0.15115263071286536,0.12856901780552732,0.7249515138384013,0.1282918434323221,0.7210637957256063,0.0051228688065316575,0.14552149203553988,0.24181543816909146,test
2006,89,7272,49972,19,169,0,0.002612761276127613,0.02323982398239824,0.14269259541177218,0.14647946835607104,0.12895173368819582,0.7283556709000316,0.12867205635155687,0.7244456895861683,0.0051228688065316575,0.14175938525574316,0.243796393432401,test
2006,90,7084,49972,21,165,0,0.0029644268774703555,0.023291925465838508,0.13894600834985948,0.14269259541177218,0.12937473545325048,0.7316792561968897,0.12909229168334266,0.7277475386216281,0.0051228688065316575,0.13803730088849753,0.24603810372854995,test
2006,91,6898,49972,19,136,0,0.0027544215714699915,0.019715859669469413,0.13582385246493223,0.13894600834985948,0.12975745133591898,0.7344186961991485,0.12947250460257745,0.730469062675098,0.0051228688065316575,0.13493556391579287,0.24811483263970646,test
2006,92,6743,49972,13,144,0,0.0019279252558208513,0.021355479756784815,0.1326614106976188,0.13582385246493223,0.13001930957142901,0.7373192797309518,0.12973265028415912,0.7333506763787722,0.0051228688065316575,0.13179380453053713,0.2495644110433375,test
2006,93,6586,49972,15,120,2,0.0022775584573337384,0.018220467658669907,0.12994211363655314,0.1326614106976188,0.1303214536893252,0.7397364326741213,0.13003281837829184,0.7357520211318338,0.005162891219082686,0.1290522692707916,0.2512735719656499,test
2006,94,6449,49972,14,107,0,0.0021708792060784617,0.016591719646456816,0.12750406188433994,0.12994211363655314,0.13060354232181268,0.741892395793847,0.13031297526614904,0.7378932202033138,0.005162891219082686,0.12663091331145437,0.2528989665993111,test
2006,95,6328,49972,23,101,0,0.0036346396965865994,0.015960809102402024,0.12500556256802223,0.12750406188433994,0.13106697364661352,0.743927463785364,0.13077323301048588,0.7399143520371408,0.005162891219082686,0.12414952373329069,0.25561440967267,test
2006,96,6204,49972,21,97,0,0.0033849129593810446,0.015635074145712444,0.1226279583799135,0.12500556256802223,0.13149010659534474,0.7458819350247415,0.13119346834227166,0.7418554390458657,0.005162891219082686,0.1217882013927799,0.25813409010414545,test
2006,97,6086,49972,19,103,0,0.0031219191587249424,0.01692408807098258,0.12016975743966549,0.1226279583799135,0.13187294116800632,0.747957301392328,0.13157368126150645,0.7439165932922437,0.005162891219082686,0.11934683422716719,0.26045013550145424,test
2006,98,5964,49972,15,93,2,0.0025150905432595573,0.015593561368209255,0.11799364513190494,0.12016975743966549,0.13217517898852862,0.7498311758795662,0.13187384935563914,0.7457776354758665,0.005202913631633715,0.1171456015368606,0.2623101703719235,test
2006,99,5854,49972,16,79,1,0.0027331738981892723,0.013495046122309532,0.11607881829768373,0.11799364513190494,0.13249767613955535,0.7514235055627606,0.13219402865604737,0.7473585207716321,0.005222924837909229,0.11522452573441122,0.26432640495922266,test
2006,100,5758,49972,17,99,0,0.002952414032650226,0.01719346995484543,0.113740307890853,0.11607881829768373,0.1328403888715909,0.7534193032375558,0.13253421916273114,0.7493396301929081,0.005222924837909229,0.11290322580645162,0.26649841800467133,test
2006,101,5642,49972,13,97,0,0.002304147465437788,0.017192484934420417,0.11152275491885835,0.113740307890853,0.1331024633137357,0.7553747817674056,0.1327943648443128,0.7512807172016329,0.005222924837909229,0.11070199311614504,0.2681885138157205,test
2006,102,5532,49972,15,94,0,0.0027114967462039045,0.016992046276211134,0.10932536151933639,0.11152275491885835,0.13340485690082587,0.7572697815798374,0.13309453293844553,0.7531617705915312,0.005222924837909229,0.10852077163211393,0.2701728182793438,test
2006,103,5423,49972,13,93,0,0.002397197123363452,0.017149179420984696,0.10718844683723244,0.10932536151933639,0.1336669313429707,0.7591446218197965,0.13335467862002723,0.755022812775154,0.005222924837909229,0.1063995837669095,0.27192235789991703,test
2006,104,5317,49972,12,85,1,0.002256911792364115,0.015986458529245816,0.10523296830738262,0.10718844683723244,0.13390884621264285,0.7608581854799742,0.1335948130953334,0.7567237653085728,0.005242936044184744,0.10443848555190904,0.2735655649161294,test
2006,105,5219,49972,13,104,0,0.0024908986395861276,0.01992718911668902,0.10287384638901438,0.10523296830738262,0.13417097087023933,0.7629551827407459,0.13385495877691508,0.7588049307612262,0.005242936044184744,0.10209717441767385,0.2753750394622283,test
2006,106,5102,49972,16,82,0,0.0031360250882007056,0.016072128577028617,0.100897829739441,0.10287384638901438,0.134493585833435,0.7646085844271236,0.1341751380773233,0.7604458496758184,0.005242936044184744,0.10013607620267351,0.2776474815180111,test
2006,107,5004,49972,7,93,0,0.001398880895283773,0.01858513189448441,0.09888148621946817,0.100897829739441,0.13463472987983308,0.7664837839006984,0.1343152165212519,0.7623068918594413,0.005242936044184744,0.09813495557512208,0.2786579666557757,test
2006,108,4904,49972,8,69,0,0.0016313213703099511,0.014070146818923327,0.09732890170908907,0.09888148621946817,0.1347960373614309,0.7678750609294797,0.134475306171456,0.7636876650924518,0.005242936044184744,0.09659409269190744,0.279834707330073,test
2006,109,4827,49972,7,68,0,0.00145017609281127,0.014087424901595194,0.09581664406910945,0.09732890170908907,0.13493718140782898,0.7692461745230612,0.1346153846153846,0.7650484271191867,0.005242936044184744,0.09509325222124387,0.28087907382037536,test
2006,110,4752,49972,11,79,1,0.0023148148148148147,0.016624579124579125,0.09400193490113389,0.09581664406910945,0.135158979195026,0.7708390859038398,0.13483550788441528,0.7666293124149524,0.005262947250460258,0.09327223245017213,0.28254370559393926,test
2006,111,4661,49972,6,73,0,0.0012872774082814847,0.015661875134091396,0.09240868176721635,0.09400193490113389,0.135279985762159,0.7723113324706244,0.13495557512206835,0.768090130473065,0.005262947250460258,0.09169134715440652,0.2834672708731576,test
2006,112,4582,49972,10,85,0,0.002182453077258839,0.018550851156700132,0.09049274445427756,0.09240868176721635,0.1354816633740473,0.774025592171675,0.13515568718482351,0.7697910830064836,0.005262947250460258,0.08979028255823263,0.28503106993279714,test
2006,113,4487,49972,6,83,0,0.001337196344996657,0.018497882772453754,0.08869781370847174,0.09049274445427756,0.13560266994118028,0.7756995163503478,0.13527575442247658,0.7714520131273513,0.005262947250460258,0.08800928519971185,0.28598712377286917,test
2006,114,4398,49972,6,83,0,0.001364256480218281,0.018872214643019556,0.08690288296266592,0.08869781370847174,0.13572367650831327,0.7773734405290207,0.13539582166012967,0.773112943248219,0.005262947250460258,0.08622828784119108,0.2869612204662213,test
2006,115,4309,49972,9,87,0,0.002088651659317707,0.020190299373404504,0.08496677788853829,0.08690288296266592,0.13590518635901272,0.7791280357524488,0.1355759225166093,0.7748539181941887,0.005262947250460258,0.0843072120387417,0.28845051009625244,test
2006,116,4213,49972,6,62,0,0.0014241633040588653,0.014716354141941609,0.0835953701276979,0.08496677788853829,0.1360261929261457,0.7803784369461563,0.1356959897542624,0.7760946129832706,0.005262947250460258,0.08294645001200673,0.28946387276879515,test
2006,117,4145,49972,6,66,0,0.0014475271411338963,0.015922798552472858,0.08214329132210219,0.0835953701276979,0.1361471994932787,0.781709509184619,0.13581605699191548,0.7774153525974545,0.005262947250460258,0.08150564316016973,0.29049239309771857,test
2006,118,4073,49972,6,50,0,0.0014731156395777069,0.012275963663147557,0.08101389669552773,0.08214329132210219,0.13626820606041168,0.7827178972440605,0.13593612422956855,0.7784159129112302,0.005262947250460258,0.0803850156087409,0.29153757984984574,test
2006,119,4017,49972,3,80,0,0.0007468259895444362,0.019915359721184963,0.07933997251685489,0.08101389669552773,0.13632870934397817,0.7843313181391668,0.1359961578483951,0.7800168094132715,0.005262947250460258,0.07872408548787324,0.2920666779978295,test
2006,120,3934,49972,6,75,0,0.001525165226232842,0.019064565327910524,0.07770638386055971,0.07933997251685489,0.13644971591111116,0.785843900228329,0.13611622508604818,0.781517649883935,0.005262947250460258,0.07710317777955655,0.2931463932830387,test
2007,0,42087,49979,0,34,2,0.0,0.0008078504051132179,0.9991921495948868,1.0,0.0,0.0008078504051132179,0.0,0.000680285720002401,4.001680705896477e-05,0.9992796974729387,0.0,test
2007,1,46154,49979,0,134,0,0.0,0.0029033236555878147,0.9962911713904904,0.9991921495948868,0.0,0.003708828609509691,0.0,0.0033614117929530404,4.001680705896477e-05,0.996598571399988,0.0,test
2007,2,47121,49979,0,167,0,0.0,0.0035440674009464992,0.9927602483281146,0.9962911713904904,0.0,0.007239751671885529,0.0,0.006702815182376598,4.001680705896477e-05,0.9932571680105644,0.0,test
2007,3,47584,49979,35,302,2,0.0007355413584398117,0.006346671149966375,0.9857293092795568,0.9927602483281146,0.0007302162216603062,0.013540474498783029,0.0007002941235318834,0.012745353048280278,8.003361411792953e-05,0.9864743192140699,0.0007355413584397841,test
2007,4,47606,49979,32,435,4,0.0006721841784648994,0.009137503676007226,0.97605961244652,0.9857293092795568,0.0013928078676071578,0.022547579685873044,0.0013405630364753196,0.021449008583605114,0.00016006722823585907,0.9770503611516838,0.0014072311176409613,test
2007,5,47401,49979,39,409,4,0.0008227674521634565,0.00862850994704753,0.9668346022911215,0.97605961244652,0.002195877948099432,0.030969519760779197,0.0021208907741251328,0.02963244562716341,0.0002401008423537886,0.9680065627563577,0.0022288407458431747,test
2007,6,47174,49979,42,435,2,0.0008903209395005724,0.00922118115911307,0.9570584521810425,0.9668346022911215,0.0030566710395529256,0.039884876779404665,0.0029612437223633927,0.03833610116248824,0.00028011764941275337,0.9584225374657356,0.0031171773017569793,test
2007,7,46869,49979,53,399,4,0.0011308114105272142,0.008513089675478461,0.9478286751346828,0.9570584521810425,0.004138923657820762,0.048032401207496495,0.004021689109425959,0.046319454170751714,0.0003601512635306829,0.9492987054562917,0.004244463772622664,test
2007,8,46557,49979,57,404,5,0.0012243056897996004,0.008677535064544536,0.9384434265310982,0.9478286751346828,0.005299355697743372,0.056257217771158496,0.0051621681106064545,0.0544028491966626,0.0004601932811780948,0.9399747894115529,0.005463572941275308,test
2007,9,46199,49979,65,397,4,0.001406956860538107,0.008593259594363514,0.9290587891351076,0.9384434265310982,0.00661970511492819,0.06432150574996423,0.00646271434002281,0.062346185397867106,0.0005402268952960244,0.9306508733668141,0.00686284279038063,test
2007,10,45900,49979,76,333,2,0.0016557734204793028,0.0072549019607843135,0.9207802478550149,0.9290587891351076,0.008158015964040786,0.07106173618094443,0.00798335300826347,0.06900898377318473,0.0005802437023549891,0.9224274195161968,0.008507252898178663,test
2007,11,45593,49979,82,371,4,0.001798521702892988,0.008137214046015835,0.9116316186295127,0.9207802478550149,0.009814059223403214,0.0785543221470842,0.009624042097681026,0.07643210148262271,0.0006602773164729186,0.9132835791032233,0.010290474122102267,test
2007,12,45267,49979,73,395,2,0.0016126538096184859,0.008726003490401396,0.9022065717406397,0.9116316186295127,0.011284205426154765,0.0865092228332056,0.01108465555533324,0.08433542087676825,0.0007002941235318834,0.9038796294443666,0.011886532959424989,test
2007,13,44900,49979,108,440,4,0.0024053452115812917,0.009799554565701559,0.8911952309541392,0.9022065717406397,0.013454323683348285,0.09535044536251254,0.013245563136517337,0.09313911842974049,0.0007803277376498129,0.8928349906960924,0.014263286955870091,test
2007,14,44464,49979,112,448,5,0.0025188916876574307,0.010075566750629723,0.8799711096574876,0.8911952309541392,0.01569914794267861,0.10432974239983384,0.015486504331819364,0.1021028832109486,0.0008803697552972248,0.8815302427019348,0.016746250968575627,test
2007,15,43969,49979,127,535,4,0.002888398644499534,0.012167663581159453,0.8667222098737022,0.8799711096574876,0.018240855303012046,0.11503693482328572,0.018027571580063628,0.11280737909922167,0.0009604033694151544,0.8682046459512995,0.01958627976447702,test
2007,16,43327,49979,142,638,10,0.003277402081842731,0.014725229071941284,0.8511189296165533,0.8667222098737022,0.02108145247803145,0.12779961790541516,0.020868764881250126,0.12557274055103143,0.0011604874047099782,0.8523980071630084,0.022799489732244105,test
2007,17,42549,49979,154,647,6,0.003619356506615902,0.015205997790782392,0.8350963142172994,0.8511189296165533,0.024161955313843082,0.14074173046885755,0.023950059024790412,0.13851817763460653,0.0012805378258868726,0.8362512255147162,0.026336326757350093,test
2007,18,41752,49979,148,705,4,0.0035447403717187203,0.01688541866257904,0.818035163708884,0.8350963142172994,0.027122154933122644,0.1548426813579933,0.026911302747153806,0.15262410212289163,0.001360571440004802,0.8191040236899498,0.029787711688369245,test
2007,19,40902,49979,167,679,4,0.004082929930076769,0.01660065522468339,0.8011152637407232,0.818035163708884,0.030462135186884898,0.16842260107239193,0.03025270613657736,0.16620980811941016,0.0014406050541227317,0.8020968806898897,0.03374902047884509,test
2007,20,40058,49979,179,712,5,0.004468520645064656,0.017774227370313048,0.7832962587980654,0.8011152637407232,0.034041935281986735,0.18266180591994785,0.03383421036835471,0.18045579143240162,0.0015406470717701435,0.7841693511274735,0.038066732929149305,test
2007,21,39164,49979,163,666,5,0.004161985496884894,0.017005413134511285,0.7667159146416055,0.7832962587980654,0.03730200295086848,0.19598208240752601,0.03709558014366034,0.19378138818303686,0.0016406890894175555,0.7674823425838853,0.04207028523566925,test
2007,22,38334,49979,209,750,4,0.0054520790942766215,0.019564877132571608,0.7475350161665886,0.7667159146416055,0.04148219876033516,0.21098278507307627,0.041277336481322154,0.20878769083014867,0.001720722703535485,0.7482142499849938,0.047292993807322214,test
2007,23,37373,49979,176,781,5,0.004709282102052284,0.02089743932785701,0.728393095248508,0.7475350161665886,0.04500255203262584,0.22660435271886617,0.04479881550251105,0.22441425398667442,0.0018207647211828967,0.7289661657896316,0.0517795598600852,test
2007,24,36411,49979,192,709,9,0.005273131745900964,0.01947213754085304,0.7103688119599715,0.728393095248508,0.04884346478667581,0.2407877232533528,0.04864042898017167,0.23860021208907742,0.002000840352948238,0.7107585185778027,0.0567796511650992,test
2007,25,35504,49979,196,716,6,0.005520504731861199,0.020166741775574582,0.6921213931759614,0.7103688119599715,0.05276505917446745,0.2551135476495712,0.052562076071950216,0.2529262290161868,0.0021208907741251328,0.6923908041377378,0.06198670356403002,test
2007,26,34588,49979,185,638,8,0.005348675841332254,0.01844570371227015,0.6756527940495646,0.6921213931759614,0.05646699214941694,0.2678802138010187,0.05626363072490446,0.26569159046799656,0.0022809580023609916,0.6757638208047381,0.06700383262152554,test
2007,27,33758,49979,200,564,10,0.005924521594881213,0.016707150897565023,0.6603616412960286,0.6756527940495646,0.06046991171840541,0.2791684469855662,0.06026531143080094,0.2769763300586246,0.0024810420376558152,0.6602773164729187,0.07253138856310071,test
2007,28,32985,49979,191,527,7,0.005790510838259815,0.015976959223889645,0.6459872390389254,0.6603616412960286,0.0642937429595011,0.2897190180015737,0.06408691650493208,0.28752075871866184,0.002621100862362192,0.6457712239140438,0.07790190560977184,test
2007,29,32261,49979,194,477,9,0.006013452775797403,0.014785654505440005,0.6325512811518444,0.6459872390389254,0.06817835671522943,0.2992703621329263,0.06796854678965165,0.2970647672022249,0.0028011764941275334,0.6321655095139959,0.08344689895504032,test
2007,30,31581,49979,182,486,6,0.005762958741015167,0.015388999715018524,0.6191715827316098,0.6325512811518444,0.0718237236500838,0.3090046936183066,0.07161007623201744,0.30678885131755335,0.002921226915304428,0.6186798455351248,0.08872895666031189,test
2007,31,30907,49979,157,496,11,0.005079755395217911,0.0160481444332999,0.6060897875549913,0.6191715827316098,0.07496896383803031,0.31894124860697837,0.07475139558614619,0.31671301946817665,0.003141319354128734,0.6053942655915485,0.09335799065922235,test
2007,32,30244,49979,191,519,9,0.006315302208702553,0.017160428514746726,0.5918613869081177,0.6060897875549913,0.07879660401204841,0.3293420090798338,0.07857300066027732,0.327097380899978,0.0033213949858940757,0.5910082234538506,0.09908370894331475,test
2007,33,29525,49979,152,518,9,0.005148179508890771,0.01754445385266723,0.5784304934541485,0.5918613869081177,0.08184361267623246,0.3397258938696189,0.08161427799675863,0.33746173392824985,0.003501470617659417,0.5774225174573321,0.10372178773215868,test
2007,34,28846,49979,151,533,7,0.005234694585037787,0.018477431879636692,0.5647146764423397,0.5784304934541485,0.08487151964813762,0.35041380390952254,0.08463554692971048,0.34812621300946395,0.0036415294423657934,0.5635967106184597,0.10841353043660451,test
2007,35,28155,49979,133,540,7,0.004723850115432427,0.019179541822056473,0.5512160801984862,0.5647146764423397,0.08753914713763615,0.3612447726638775,0.08729666459913163,0.35893075091538446,0.00378158826707217,0.5499909962184117,0.11262525128376955,test
2007,36,27476,49979,136,492,7,0.004949774348522347,0.01790653661377202,0.5386173140620526,0.5512160801984862,0.09026754235189566,0.3711151435860516,0.09001780747914125,0.3687748854518898,0.003921647091778547,0.5372856599771905,0.11701755605249164,test
2007,37,26841,49979,128,525,9,0.004768823814313923,0.01955962892589695,0.5255135881918347,0.5386173140620526,0.09283611342599657,0.38165029838216863,0.09257888313091499,0.37927929730486803,0.004101722723543888,0.5240400968406731,0.12122834375880953,test
2007,38,26181,49979,110,507,4,0.004201520186394714,0.019365188495473817,0.5131289625505543,0.5255135881918347,0.09504406937500928,0.3918269680744363,0.09477980751915804,0.3894235578943156,0.004181756337661818,0.5116148782488645,0.12492052061173842,test
2007,39,25560,49979,131,490,8,0.005125195618153364,0.01917057902973396,0.5006620969111218,0.5131289625505543,0.09767395568542096,0.40166394740345707,0.09740090838152024,0.399227675623762,0.004341823565897677,0.49902959242882006,0.1294054741250351,test
2007,40,24931,49979,116,484,1,0.004652841843488027,0.01941358148489832,0.48861295094238116,0.5006620969111218,0.1000034572393775,0.4113835918182412,0.09972188319094019,0.4089117429320315,0.004361831969427159,0.48700454190760123,0.13345621276373776,test
2007,41,24330,49979,108,486,6,0.0044389642416769425,0.01997533908754624,0.47668380614748707,0.48861295094238116,0.10217239265663097,0.42114380119588185,0.1018827907721243,0.4186358270473599,0.004481882390604054,0.47499949978991174,0.1373027696491268,test
2007,42,23730,49979,121,464,4,0.005099030762747577,0.01955330804888327,0.4649324354523215,0.47668380614748707,0.10460301804828061,0.4304645464993978,0.10430380759919167,0.4279197262850397,0.004561916004721983,0.4632145501110466,0.141701689365623,test
2007,43,23141,49979,103,467,8,0.00445097446091353,0.020180631779093385,0.4534804027740525,0.4649324354523215,0.10667242044452922,0.4398471767814182,0.10636467316272835,0.437263650733308,0.004721983232957842,0.45164969287100587,0.14552195322610184,test
2007,44,22563,49979,96,415,6,0.004254753357266321,0.018392944200682534,0.44321011576356895,0.4534804027740525,0.10860186771068661,0.4481880165257444,0.10828547990155865,0.44556713819804317,0.004842033654134737,0.44130534824626344,0.14915754656432345,test
2007,45,22046,49979,107,392,1,0.004853488161117663,0.017781003356617982,0.4331782801577438,0.44321011576356895,0.11075298276043269,0.4560687370818235,0.11042637907921327,0.4534104323816003,0.004862042057664219,0.4313011464815223,0.1532871003390498,test
2007,46,21546,49979,91,365,1,0.004223521767381416,0.016940499396639747,0.424010485868691,0.4331782801577438,0.11258252065583577,0.4634069934754732,0.11224714380039616,0.46071349966986136,0.004882050461193701,0.42215730606854884,0.15686321070149045,test
2007,47,21089,49979,79,326,1,0.003746028735359666,0.015458295794015838,0.41586765089421046,0.424010485868691,0.11417087611999369,0.4699614729857958,0.11382780767922528,0.4672362392204726,0.004902058864723184,0.4140338942355789,0.16002162534204156,test
2007,48,20683,49979,89,326,8,0.004303050814678721,0.01576173669196925,0.4075233548481293,0.41586765089421046,0.11596037575397254,0.47651626939789815,0.1156085555933492,0.47375897877108386,0.0050621260929590425,0.4055703395426079,0.16363609497142606,test
2007,49,20260,49979,86,334,3,0.004244817374136229,0.01648568608094768,0.3990751905324228,0.4075233548481293,0.11769023797099816,0.48323457149657906,0.11732927829688469,0.48044178554993094,0.00512215130354749,0.3971067848496368,0.16718630700659176,test
2007,50,19837,49979,72,318,1,0.003629581085849675,0.016030649795836065,0.39122928014740266,0.3990751905324228,0.1191387137343865,0.4896320061182109,0.11876988335100742,0.48680445787230636,0.005142159707076972,0.38928349906960924,0.17020907183471723,test
2007,51,19446,49979,89,327,5,0.0045767767150056565,0.01681579759333539,0.38285987870025057,0.39122928014740266,0.12092928279399356,0.4962108385057559,0.12055063126513135,0.4933472058264471,0.005242201724724384,0.38085996118369714,0.17400683963306707,test
2007,52,19025,49979,75,334,3,0.003942181340341655,0.017555847568988172,0.37462914595973007,0.38285987870025057,0.12243858586377117,0.5029322681764988,0.12205126152984254,0.5000300126052942,0.005302226935312832,0.3726164989295504,0.17726305445711543,test
2007,53,18613,49979,72,357,1,0.0038682641164777304,0.01918014291086875,0.36599454091934297,0.37462914595973007,0.1238877503460739,0.5101177087345832,0.12349186658396527,0.5071730126653194,0.005322235338842313,0.36401288541187293,0.18044561826085947,test
2007,54,18183,49979,66,378,2,0.003629764065335753,0.020788648737832042,0.35705753513546856,0.36599454091934297,0.12521622417881198,0.5177262406857195,0.1248124212169111,0.5147361891994637,0.0053622521459012785,0.35508913743772386,0.18342040730528464,test
2007,55,17737,49979,73,390,4,0.0041156903647742,0.021987934825506004,0.347737039066927,0.35705753513546856,0.12668576243583907,0.5255771984972339,0.12627303467456333,0.522539466575962,0.005442285760019208,0.3457452129894556,0.1867811960670095,test
2007,56,17270,49979,67,368,2,0.0038795599305153443,0.02130862767805443,0.3389781732884607,0.347737039066927,0.12803482911895916,0.5329869975925802,0.12761359771103864,0.5299025590748114,0.005482302567078173,0.3370015406470718,0.1899361271534895,test
2007,57,16833,49979,71,375,1,0.004217905305055546,0.022277668864729993,0.32999675195615785,0.3389781732884607,0.1294646069543706,0.5405386410894716,0.12903419436163188,0.5374057103983673,0.005502310970607655,0.32805778426939314,0.19335289986020265,test
2007,58,16386,49979,59,441,1,0.0036006346881484195,0.026913218601244966,0.3199272794809913,0.32999675195615785,0.13065280470644025,0.5494199158125684,0.13021469016987133,0.546229416354869,0.005522319374137137,0.31803357410112243,0.19625734139006035,test
2007,59,15885,49979,59,430,3,0.003714195782184451,0.027069562480327353,0.3100787154478654,0.3199272794809913,0.13184107725849428,0.5580802072936403,0.1313951859781108,0.5548330298725465,0.005582344584725585,0.3081894395646171,0.19924259898263108,test
2007,60,15393,49979,59,466,2,0.0038329110634704087,0.03027350094198662,0.2995030430246776,0.3100787154478654,0.1330295813974811,0.5674673755778412,0.13257568178635026,0.5641569459172853,0.0056223613917845494,0.29764501090457995,0.2023118308841464,test
2007,61,14866,49979,58,418,4,0.003901520247544733,0.02811785281851204,0.2899131433556512,0.2995030430246776,0.13419809858404316,0.5758887580603056,0.13373616919106024,0.5725204585926089,0.005702395005902479,0.28804097721042843,0.2054240274271788,test
2007,62,14386,49979,38,414,2,0.0026414569720561655,0.02877797859029612,0.2808042360293093,0.2899131433556512,0.13496389167785067,0.58423187229284,0.13449648852518056,0.5808039376538146,0.005742411812961444,0.2789571620080433,0.20752286566975964,test
2007,63,13932,49979,50,447,3,0.003588860178007465,0.03208440999138674,0.2707870306527255,0.2808042360293093,0.13597165881835202,0.5932413105289225,0.1354969087016547,0.5897476940314932,0.005802437023549891,0.2689529602433022,0.21036695529913885,test
2007,64,13432,49979,56,424,2,0.004169148302561048,0.03156640857653365,0.26111030531671386,0.2707870306527255,0.13710061010755337,0.6017890845757328,0.1366173792993057,0.5982312571279937,0.005842453830608856,0.25930890974209164,0.2136590525670996,test
2007,65,12950,49979,57,432,3,0.004401544401544401,0.03335907335907336,0.25125061888429123,0.26111030531671386,0.1382498987101057,0.610499482405603,0.1377578583004862,0.6068748874527301,0.005902479041197303,0.2494647752055863,0.21712016716197802,test
2007,66,12458,49979,36,401,2,0.0028897094236635095,0.03218815219136298,0.24243728444437831,0.25125061888429123,0.13897593999119692,0.6185867755644248,0.13847816082754758,0.6148982572680526,0.005942495848256267,0.24068108605614358,0.21938246239252612,test
2007,67,12019,49979,40,402,4,0.0033280638988268576,0.033447042183209916,0.23352162759069536,0.24243728444437831,0.13978278676528588,0.6266955856440187,0.13927849696872688,0.6229416354869045,0.0060225294623741975,0.2317573380819944,0.22198040743822867,test
2007,68,11573,49979,46,399,2,0.003974768858550073,0.03447679944698868,0.22454235477657117,0.23352162759069536,0.14071098125843132,0.6347466639649975,0.14019888353108306,0.630924988495168,0.006062546269433162,0.22281358170431587,0.22507285548608502,test
2007,69,11126,49979,35,389,2,0.003145784648570915,0.03496314937983103,0.21598528499180877,0.22454235477657117,0.14141734315104143,0.6425973718571497,0.14089917765461493,0.6387082574681366,0.006102563076492127,0.2142900018007563,0.22751060940105783,test
2007,70,10700,49979,28,378,1,0.002616822429906542,0.03532710280373832,0.2077899554865121,0.21598528499180877,0.14198253828933774,0.65022750622415,0.14145941295344044,0.6462714340022809,0.006122571480021609,0.20614658156425703,0.22953207696524203,test
2007,71,10293,49979,32,360,1,0.0031089089672593022,0.034975225881667155,0.19987645480151134,0.2077899554865121,0.14262853834525616,0.6574950068532324,0.1420996818663839,0.6534744592728946,0.006142579883551091,0.19828327897717046,0.23192739160015052,test
2007,72,9900,49979,29,348,4,0.0029292929292929295,0.03515151515151515,0.1922649978863427,0.19987645480151134,0.14321403503103836,0.6645209670826189,0.14267992556873887,0.6604373837011545,0.006222613497669021,0.1906600772324376,0.2341773012611198,test
2007,73,9519,49979,27,292,4,0.0028364323983611725,0.030675491123017123,0.18582182798133762,0.1922649978863427,0.14375938170011401,0.6704187903185483,0.14322015246403488,0.6662798375317633,0.00630264711178695,0.18419736289241484,0.23634950557522316,test
2007,74,9196,49979,26,295,2,0.002827316224445411,0.03207916485428447,0.17933544185889205,0.18582182798133762,0.14428475876922175,0.6763797993718862,0.14374037095580144,0.6721823165729607,0.006342663918845915,0.17773464855239196,0.2385085870079161,test
2007,75,8873,49979,35,246,0,0.003944550884706413,0.027724557646793643,0.17365604828711828,0.17933544185889205,0.14499215654506548,0.6813517951678163,0.1444406650793333,0.6771043838412133,0.006342663918845915,0.17211228716060745,0.24151232863473038,test
2007,76,8592,49979,29,195,1,0.0033752327746741154,0.022695530726256984,0.16912870252171855,0.17365604828711828,0.14557828613076454,0.685293011347517,0.1450209087816883,0.6810060225294624,0.006362672322375398,0.1676103963664739,0.24407240108230865,test
2007,77,8367,49979,30,221,0,0.0035855145213338113,0.02641329030715908,0.16405504358387327,0.16912870252171855,0.1461846995496305,0.6897602568664962,0.1456211608875728,0.6854278797094779,0.006362672322375398,0.16258828708057382,0.24678279046530505,test
2007,78,8116,49979,27,177,2,0.003326761951700345,0.021808772794480038,0.15993143233558468,0.16405504358387327,0.14673047162660988,0.6933380960378054,0.1461613877828688,0.6889693671341963,0.006402689129434362,0.15846655595350045,0.24928856481935102,test
2007,79,7910,49979,22,164,0,0.002781289506953224,0.020733249051833123,0.15617071850316763,0.15993143233558468,0.14717528724119686,0.6966539942556355,0.1466015726605174,0.6922507453130314,0.006402689129434362,0.1547449928970167,0.2513765106567686,test
2007,80,7724,49979,29,139,1,0.0037545313309166237,0.01799585706887623,0.15277394471904904,0.15617071850316763,0.14776163509678875,0.6994644201841622,0.14718181636287242,0.6950319134036296,0.006422697532963845,0.15136357270053424,0.25418724100256784,test
2007,81,7556,49979,25,146,1,0.003308628904182107,0.019322392800423506,0.14931651426021403,0.15277394471904904,0.1482671073860921,0.7024163783536939,0.14768202645110948,0.697953140318934,0.006442705936493327,0.1479221272934632,0.25665485865409454,test
2007,82,7384,49979,14,117,3,0.001895991332611051,0.01584507042253521,0.14666748075966038,0.14931651426021403,0.14855021020294518,0.7047823090373945,0.14796214410052222,0.7002941235318834,0.006502731147081774,0.14524100122051264,0.2580642345992249,test
2007,83,7250,49979,14,128,1,0.0019310344827586207,0.017655172413793104,0.14379482113650566,0.14666748075966038,0.14883343016579142,0.7073717486977029,0.14824226174993496,0.7028551991836571,0.006522739550611257,0.1423797995157966,0.2594969381462058,test
2007,84,7107,49979,12,108,1,0.0016884761502743773,0.015196285352469396,0.14136687987628607,0.14379482113650566,0.1490762242918134,0.7095568958319005,0.14848236259228875,0.7050161067648413,0.006542747954140739,0.1399587826887293,0.2607472599053511,test
2007,85,6986,49979,19,119,0,0.002719725164614944,0.017034068136272545,0.13857434775161853,0.14136687987628607,0.149460703352456,0.7119649488959254,0.14886252225934893,0.7073971067848497,0.006542747954140739,0.13719762300166072,0.262757824185597,test
2007,86,6848,49979,16,118,0,0.002336448598130841,0.01723130841121495,0.13586275858708627,0.13857434775161853,0.14978447519299717,0.7143527662199165,0.14918265671582065,0.7097580984013285,0.006542747954140739,0.13451649692871004,0.2644803526337616,test
2007,87,6714,49979,20,108,0,0.002978850163836759,0.0160857908847185,0.13327258386275695,0.13586275858708627,0.15018918999367362,0.7165382261435693,0.1495828247864103,0.7119190059825127,0.006542747954140739,0.13195542127693627,0.26667135545582366,test
2007,88,6586,49979,17,123,0,0.00258123291831157,0.018675979350136655,0.13043958025802177,0.13327258386275695,0.1505331975742486,0.7190272221677295,0.1499229676464115,0.714380039616639,0.006542747954140739,0.1291542447828088,0.26856424749306185,test
2007,89,6447,49979,13,108,0,0.0020164417558554367,0.01675197766402978,0.12799143550678543,0.13043958025802177,0.15079622139049714,0.7212123431027173,0.15018307689229476,0.7165409471978231,0.006542747954140739,0.12673322795574138,0.27003914508614235,test
2007,90,6326,49979,9,114,0,0.001422699968384445,0.018020866266202973,0.12550282555304934,0.12799143550678543,0.15097831480174612,0.7235188596452045,0.1503631525240601,0.7188219052001841,0.006542747954140739,0.12427219432161507,0.27107766037135017,test
2007,91,6203,49979,19,121,0,0.003063034015798807,0.01950669031113977,0.12267026137806517,0.12550282555304934,0.15136273422549398,0.7259670043964408,0.15074331219112028,0.7212429220272515,0.006542747954140739,0.12147101782748759,0.2733103742925084,test
2007,92,6063,49979,7,95,0,0.0011545439551377205,0.01566881081972621,0.12060653605057668,0.12267026137806517,0.1515043624342432,0.72788910151518,0.15088337101582663,0.7231437203625523,0.006542747954140739,0.11943016066748036,0.2741493694071302,test
2007,93,5961,49979,21,105,0,0.0035228988424760945,0.017614494212380472,0.11805722829309091,0.12060653605057668,0.15192924706049082,0.7300135246464182,0.1513035474899458,0.725244602733148,0.006542747954140739,0.1169091018227656,0.2767064677534564,test
2007,94,5835,49979,15,121,0,0.002570694087403599,0.0207369323050557,0.11530559452310628,0.11805722829309091,0.15223273607923912,0.7324616693976546,0.151603673542888,0.7276656195602152,0.006542747954140739,0.11418795894275591,0.27856583416025993,test
2007,95,5699,49979,12,107,1,0.002105632567117038,0.018775223723460258,0.11289791497436966,0.11530559452310628,0.15247552729423777,0.7346265577313925,0.1518437743852418,0.72980651873787,0.006562756357670222,0.11178695051921805,0.28008490943488296,test
2007,96,5579,49979,16,106,0,0.002867897472665352,0.018999820756407958,0.11042909518106027,0.11289791497436966,0.15279930693926194,0.7367715978796777,0.15216390884171352,0.7319274095119951,0.006562756357670222,0.10934592528862119,0.28214955210364834,test
2007,97,5457,49979,8,91,1,0.0014660069635330768,0.016675829210188748,0.10842570862747314,0.11042909518106027,0.15296119676177403,0.7386130946107528,0.15232397606994938,0.733748174233178,0.006582764761199704,0.10734508493567296,0.2832019258590397,test
2007,98,5357,49979,12,93,1,0.002240059734926265,0.017360462945678553,0.10630050806635971,0.10842570862747314,0.1532040768259013,0.740495415107739,0.15256407691230317,0.7356089557614198,0.006602773164729186,0.10522419416154782,0.2848075963629956,test
2007,99,5251,49979,9,94,0,0.0017139592458579318,0.017901352123405066,0.10421539050192721,0.10630050806635971,0.15338627156454102,0.7423983379335317,0.1527441525440685,0.7374897456931911,0.006602773164729186,0.10316332859801114,0.2860334069957766,test
2007,100,5148,49979,8,85,0,0.001554001554001554,0.016511266511266512,0.1023327115359833,0.10421539050192721,0.15354822244333188,0.7441190660206848,0.15290421977230437,0.7391904599931971,0.006602773164729186,0.10130254706976927,0.28714291219081034,test
2007,101,5055,49979,6,93,0,0.0011869436201780415,0.018397626112759646,0.10032856941094624,0.1023327115359833,0.15366968560242503,0.7460017449866286,0.15302427019348125,0.741051241521439,0.006602773164729186,0.0993217151203506,0.2879890333632842,test
2007,102,4956,49979,8,81,0,0.0016142050040355124,0.016343825665859565,0.09852686588439777,0.10032856941094624,0.1538316364812159,0.7476414976343863,0.1531843374217171,0.742671922207327,0.006602773164729186,0.09754096720622663,0.2891383650285574,test
2007,103,4867,49979,16,57,0,0.0032874460653379905,0.011711526607766592,0.09704906411543103,0.09852686588439777,0.15415553823879763,0.7487953976457712,0.15350447187818883,0.7438124012085076,0.006602773164729186,0.09608035374857438,0.29147528431344405,test
2007,104,4794,49979,9,67,0,0.0018773466833541927,0.013975803087192323,0.09551053076691773,0.09704906411543103,0.15433773297743736,0.7501517362556448,0.15368454750995417,0.7451529642449829,0.006602773164729186,0.09455971508033378,0.2928054308385126,test
2007,105,4718,49979,8,80,1,0.001695633743111488,0.01695633743111488,0.09372907110021812,0.09551053076691773,0.15449968385622823,0.7517712450435535,0.15384461473819003,0.7467536365273415,0.006622781568258669,0.09277896716620981,0.294004573812928,test
2007,106,4629,49979,5,61,0,0.001080146899978397,0.013177792179736443,0.09239268771447295,0.09372907110021812,0.154600925021815,0.7530063872637119,0.15394465675583746,0.7479741491426399,0.006622781568258669,0.09145841253326392,0.29476715258392283,test
2007,107,4563,49979,12,52,0,0.0026298487836949377,0.011396011396011397,0.09109680079496248,0.09239268771447295,0.1548439038192232,0.7540592953858142,0.15418475759819125,0.749014586126173,0.006622781568258669,0.09017787470737715,0.2966218083299218,test
2007,108,4499,49979,9,78,1,0.0020004445432318294,0.01733718604134252,0.08933520451375294,0.09109680079496248,0.15502613791727934,0.7556386575689675,0.1543648332299566,0.7505752416014726,0.006642789971788151,0.08841713519678263,0.2980288773952764,test
2007,109,4411,49979,10,77,0,0.0022670596236681025,0.017456359102244388,0.08757320886816317,0.08933520451375294,0.1552286661524046,0.7571981249794321,0.1545649172652514,0.7521158886732427,0.006642789971788151,0.08667640408971766,0.2996202877843146,test
2007,110,4324,49979,9,89,0,0.0020814061054579094,0.020582793709528216,0.08558843216393561,0.08757320886816317,0.15541094156401733,0.7590006262720469,0.15474499289701674,0.7538966365873667,0.006642789971788151,0.08471558054382844,0.30107806239345924,test
2007,111,4226,49979,3,77,0,0.000709891150023663,0.01822053951727402,0.0839682062829335,0.08558843216393561,0.155471700034555,0.7605600936825114,0.1548050181076052,0.7554372836591369,0.006642789971788151,0.08311490826146983,0.3015742208915233,test
2007,112,4146,49979,8,57,0,0.001929570670525808,0.013748191027496382,0.0826517727546193,0.0839682062829335,0.1556337226226552,0.7617145046227254,0.15496508533584105,0.7565777626603173,0.006642789971788151,0.0818143620320535,0.3029218827904302,test
2007,113,4081,49979,9,60,0,0.0022053418279833373,0.014702278853222249,0.08125432793225498,0.0826517727546193,0.15581599803426793,0.762929674033477,0.1551451609676064,0.7577782668720863,0.006642789971788151,0.08043378218851915,0.3044591783196844,test
2007,114,4013,49979,6,70,0,0.00149514079242462,0.0174433092449539,0.0797154969023892,0.08125432793225498,0.15593748469452048,0.7643470184030903,0.1552652113887833,0.7591788551191501,0.006642789971788151,0.07891314352027856,0.3054991097749752,test
2007,115,3937,49979,8,72,0,0.002032004064008128,0.01828803657607315,0.07809567476568838,0.0797154969023892,0.15609946690819057,0.765804858326121,0.15542527861701916,0.7606194601732728,0.006642789971788151,0.07731247123791996,0.3069103384063697,test
2007,116,3858,49979,7,48,0,0.0018144116122343183,0.012441679626749611,0.07698233570085872,0.07809567476568838,0.1562411646073507,0.7667764996917905,0.15556533744172552,0.7615798635426879,0.006642789971788151,0.07621200904379843,0.30816788833668474,test
2007,117,3804,49979,3,59,0,0.0007886435331230284,0.015509989484752892,0.0757276288624115,0.07698233570085872,0.1563018762285659,0.7679704949090226,0.15562536265231397,0.7627603593509273,0.006642789971788151,0.07497148802497045,0.3087134972575548,test
2007,118,3743,49979,9,70,0,0.0024044883783061713,0.018701576275714667,0.07412931663154575,0.0757276288624115,0.15648396243208224,0.769386720936372,0.1558054382840793,0.7641609475979911,0.006642789971788151,0.0733908241461414,0.310375687619479,test
2007,119,3665,49979,2,52,0,0.0005457025920873125,0.014188267394270123,0.07303709750518736,0.07412931663154575,0.15652441499231773,0.7704384875024949,0.15584545509113829,0.7652013845815242,0.006642789971788151,0.07231037035554932,0.31075201739431146,test
2007,120,3614,49979,3,80,0,0.0008301051466519093,0.02213613724405091,0.07135970982036982,0.07303709750518736,0.1565850434628533,0.7720552467167768,0.1559054803017267,0.7668020568638828,0.006642789971788151,0.07064967286260226,0.31132416569199195,test
2008,0,45868,49986,0,61,4,0.0,0.0013299032004883578,0.9986700967995117,1.0,0.0,0.0013299032004883578,0.0,0.001220341695674789,8.002240627375665e-05,0.9986996358980514,0.0,test
2008,1,48670,49986,0,169,3,0.0,0.0034723649065132524,0.9952023498022009,0.9986700967995117,0.0,0.004797650197799175,0.0,0.004601288360741008,0.00014003921097907414,0.9952586724282799,0.0,test
2008,2,49285,49986,0,317,2,0.0,0.006431977275032971,0.9888012309042137,0.9952023498022009,0.0,0.011198769095786345,0.0,0.010943064057936222,0.00018005041411595248,0.9888768855279478,0.0,test
2008,3,49170,49986,42,507,1,0.0008541793776693106,0.010311165344722392,0.9777609242992429,0.9888012309042137,0.0008446136200524095,0.021394462080704717,0.0008402352658744448,0.021085904053134878,0.00020005601568439163,0.9778738046653063,0.0008541793776692952,test
2008,4,48674,49986,52,749,3,0.0010683321691252004,0.015388092205284136,0.9616704755922598,0.9777609242992429,0.0018891870691948806,0.036440337338545306,0.0018805265474332814,0.03607009962789581,0.0002600728203897091,0.9617893010042812,0.001921598999487073,test
2008,5,47916,49986,50,848,4,0.001043492779029969,0.017697637532348275,0.9436476838925801,0.9616704755922598,0.00289268326628172,0.0534596328411381,0.0028808066258552397,0.05303484975793222,0.0003400952266634658,0.9437442483895491,0.0029630866038368175,test
2008,6,47054,49986,58,835,1,0.0012326263442002806,0.017745568920814383,0.9257389538862879,0.9436476838925801,0.004055848261091293,0.07020519785262075,0.0040411315168247105,0.06973952706757892,0.00036010082823190496,0.9258592405873645,0.004192060569429112,test
2008,7,46179,49986,59,874,2,0.001277637021156803,0.01892635180493298,0.9070353344060933,0.9257389538862879,0.005238606620503385,0.08772605897340326,0.005221462009362621,0.08722442283839475,0.00040011203136878327,0.9071540031208738,0.005464341658807492,test
2008,8,45272,49986,72,807,4,0.001590386994168581,0.017825587559639512,0.8894243594338598,0.9070353344060933,0.006681143819594185,0.10389449674654598,0.006661865322290242,0.10336894330412516,0.0004801344376425399,0.889489056935942,0.007046038235070218,test
2008,9,44403,49986,73,787,6,0.0016440330608292232,0.017724027655789024,0.8721979344375054,0.8894243594338598,0.008143386871610304,0.11965867869088415,0.0081222742367863,0.11911335173848678,0.0006001680470531749,0.8721642059776737,0.008678487376093225,test
2008,10,43550,49986,81,880,4,0.001859931113662457,0.020206659012629163,0.8529515001092748,0.8721979344375054,0.009765614947142748,0.13728288494358232,0.009742727963829873,0.13671828111871323,0.0006801904533269316,0.85285880046413,0.010522277101065347,test
2008,11,42586,49986,90,887,1,0.0021133705912741276,0.02082844127177946,0.8333832472654585,0.8529515001092748,0.011568217563256841,0.15504853517128453,0.011543232104989398,0.1544632497099188,0.0007001960548953707,0.8332933221301965,0.012613410221360866,test
2008,12,41611,49986,98,874,6,0.0023551464756915237,0.021004061426065222,0.8139160747307435,0.8333832472654585,0.013530957180954444,0.17255296808830192,0.013503781058696434,0.17194814548073462,0.0008202296643060057,0.813727843796263,0.01493885026842312,test
2008,13,40636,49986,108,842,1,0.0026577419037306822,0.020720543360566984,0.7948881125544908,0.8139160747307435,0.015694136038886336,0.18941775140662276,0.015664386028087864,0.1887928620013604,0.0008402352658744448,0.7947025167046773,0.017556888563801887,test
2008,14,39688,49986,122,755,4,0.0030739770207619433,0.019023382382584157,0.7773231842459267,0.7948881125544908,0.018137603830955674,0.20453921192311744,0.01810506941943744,0.20389709118553195,0.0009202576721482015,0.7770775817228824,0.020576896112562637,test
2008,15,38807,49986,127,676,4,0.003272605457778236,0.017419537712268406,0.7612387016281135,0.7773231842459267,0.020681475926176453,0.21807982244570992,0.020645780818629215,0.21742087784579683,0.0010002800784219583,0.760933061257152,0.023782161507818755,test
2008,16,38001,49986,102,614,3,0.0026841398910554984,0.016157469540275256,0.7468957393280231,0.7612387016281135,0.022724747091831768,0.23037951358014486,0.022686352178610012,0.22970431720881848,0.0010602968831272756,0.7465490337294443,0.02640246675047564,test
2008,17,37285,49986,108,652,3,0.0028966072146975994,0.0174869250368781,0.7316713659368659,0.7468957393280231,0.024888210678996218,0.24344042338413766,0.02484695714800144,0.2427479694314408,0.0011203136878325931,0.7312847597327252,0.02922259638949809,test
2008,18,36524,49986,116,624,2,0.0031759938670463256,0.01708465666411127,0.7168472280879643,0.7316713659368659,0.027211994449905113,0.25594077746213034,0.027167606929940382,0.25523146481014686,0.0011603248909694715,0.7164406033689433,0.0323057794696322,test
2008,19,35783,49986,104,648,8,0.002906408070871643,0.018109157980046392,0.7017822778176642,0.7168472280879643,0.02929544501920194,0.26892227716313366,0.029248189493058057,0.26819509462649543,0.0013203697035169847,0.7012363461769295,0.035118293762317454,test
2008,20,35025,49986,105,736,7,0.0029978586723768737,0.021013561741613132,0.6849314885058967,0.7017822778176642,0.03139928910687802,0.28366922238722503,0.031348777657744166,0.2829192173808666,0.0014604089144960588,0.6842715960468931,0.038010872753179936,test
2008,21,34178,49986,107,776,8,0.003130668851307859,0.022704663818830826,0.6672360556440936,0.6849314885058967,0.03354358278322336,0.2992203615726828,0.03348937702556716,0.2984435641979754,0.0016204537270435723,0.6664466050494138,0.041022542149148356,test
2008,22,33287,49986,111,741,7,0.0033346351428485597,0.02226094271036741,0.6501577632353824,0.6672360556440936,0.035768571582949805,0.31407366518166746,0.035709998799663904,0.31326771496018885,0.0017604929380226463,0.6492617933021245,0.044220382081297416,test
2008,23,32428,49986,101,761,6,0.003114592327618108,0.023467373874429504,0.6328752915470606,0.6501577632353824,0.037793547964064075,0.329331160488875,0.03773056455807626,0.32849197775377104,0.0018805265474332814,0.6318969311407194,0.047197245946160815,test
2008,24,31561,49986,91,769,3,0.0028833053452045248,0.02436551440068439,0.6156301868060678,0.6328752915470606,0.039618320675029586,0.34475149251890225,0.03955107430080423,0.3438762853599008,0.0019405433521385987,0.6146320969871564,0.0499444672198498,test
2008,25,30698,49986,82,699,6,0.0026711837904749495,0.022770213043194997,0.5999676949207483,0.6156301868060678,0.04126278205095302,0.35876952302829834,0.04119153362941624,0.35786020085623976,0.0020605769615492336,0.5988876885527947,0.05248224015906311,test
2008,26,29911,49986,80,598,9,0.0026746013172411487,0.019992644846377586,0.5863680794897608,0.5999676949207483,0.04286745643809019,0.3707644640721487,0.04279198175489137,0.3698235505941664,0.0022406273756651863,0.5851438402752771,0.05501647240764307,test
2008,27,29224,49986,78,701,4,0.0026690391459074734,0.023987133862578704,0.570737750516228,0.5863680794897608,0.04443249579615895,0.3848297536876128,0.044352418677229624,0.3838474772936422,0.002320649781938943,0.5694794542471893,0.05753867043502481,test
2008,28,28442,49986,59,705,3,0.0020743970184937768,0.024787286407425637,0.5554067737426397,0.570737750516228,0.04561643248417165,0.3989767937731884,0.04553274916976754,0.39795142639939185,0.0023806665866442605,0.5541351578441964,0.059493709407120066,test
2008,29,27675,49986,92,766,3,0.0033242999096657635,0.027678410117434507,0.5381876585892094,0.5554067737426397,0.047462771171952065,0.41434957023883834,0.047373264514063936,0.41327571720081624,0.002440683391349578,0.5369103348937703,0.06262023438397801,test
2008,30,26815,49986,67,740,1,0.0024986015289949655,0.02759649449934738,0.5219908493226983,0.5381876585892094,0.048807487678589286,0.4292016629987121,0.04871363981914936,0.4280798623614612,0.002460688992918017,0.5207458088264714,0.06496237289959517,test
2008,31,26007,49986,58,679,3,0.002230168800707502,0.02610835544276541,0.5071983989842959,0.5219908493226983,0.04997161538500358,0.44282998563070003,0.04987396471011883,0.4416636658264314,0.0025207057976233344,0.5059416636658265,0.06704766464304202,test
2008,32,25267,49986,65,638,4,0.002572525428424427,0.025250326512842838,0.49308669302450797,0.5071983989842959,0.05127639616364684,0.45563691081184465,0.05117432881206738,0.4544272396270956,0.002600728203897091,0.49179770335693995,0.06944770824925572,test
2008,33,24560,49986,72,561,6,0.0029315960912052116,0.02284201954397394,0.48037806612367273,0.49308669302450797,0.05272192718554279,0.46690000669078396,0.052614732124995,0.46565038210698995,0.002720761813307726,0.4790141239547073,0.07217571171041426,test
2008,34,23921,49986,62,519,5,0.002591864888591614,0.02169641737385561,0.4687105080609724,0.48037806612367273,0.05396700222837828,0.4773224897106488,0.053855079422238224,0.47603328932100986,0.002820789821149922,0.46729084143560196,0.07458050690601459,test
2008,35,23335,49986,65,465,2,0.002785515320334262,0.019927148060852797,0.4580648440681584,0.4687105080609724,0.05527260252938378,0.48666255340245734,0.055155443524186776,0.4853358940503341,0.0028608010242868005,0.4566478614011923,0.07715827708176382,test
2008,36,22803,49986,59,403,3,0.002587378853659606,0.017673113186861378,0.448784224940873,0.4580648440681584,0.05645778982053062,0.49475798523859593,0.05633577401672468,0.49339815148241506,0.0029208178289921176,0.4473452566718681,0.07954601824091723,test
2008,37,22338,49986,57,447,2,0.00255170561375235,0.020010744023636853,0.43865855346758975,0.448784224940873,0.05760295504667574,0.503738491485734,0.057476093306125714,0.5023406553835074,0.002960829032128996,0.43722242227823793,0.08189474583337264,test
2008,38,21832,49986,69,447,2,0.0031604983510443384,0.020474532795895933,0.4282908448935115,0.43865855346758975,0.05898933468158155,0.5127198204249065,0.058856479814348016,0.5112831592845997,0.0030008402352658743,0.4268595206657865,0.08479641597525145,test
2008,39,21314,49986,56,468,0,0.002627381064089331,0.021957398892746553,0.4177614087142772,0.4282908448935115,0.06011461793737759,0.5221239733483448,0.05997679350218061,0.5206457808186292,0.0030008402352658743,0.4163765854439243,0.08720100454170476,test
2008,40,20791,49986,59,457,2,0.0028377663412053294,0.021980664710692127,0.40739322599595834,0.4177614087142772,0.06130012720168149,0.5313066468023597,0.061157123994718524,0.5297883407354059,0.0030408514384027527,0.40601368383147285,0.0897913148073024,test
2008,41,20273,49986,52,481,4,0.0025649879149607854,0.023726138213387264,0.396682399307464,0.40739322599595834,0.06234508590299801,0.5409725147895376,0.06219741527627736,0.5394110350898251,0.0031208738446765094,0.3952706757892209,0.09212598908491398,test
2008,42,19736,49986,64,487,0,0.0032428050263477908,0.02467571949736522,0.38560761201427324,0.396682399307464,0.06363144958133596,0.5507609384043903,0.06347777377665746,0.549153763053655,0.0031208738446765094,0.384247589325011,0.09507004749079995,test
2008,43,19185,49986,46,499,1,0.002397706541568934,0.026009903570497785,0.37465342131592666,0.38560761201427324,0.06455602347514136,0.5607905552089315,0.06439803144880567,0.5591365582363061,0.0031408794462449486,0.37332453086864326,0.09723980395759291,test
2008,44,18639,49986,56,540,2,0.003004453028595955,0.028971511347175277,0.3626735168626678,0.37465342131592666,0.06568165208148784,0.571644831055844,0.06551834513663826,0.5699395830832633,0.003180890649381827,0.3613611811307166,0.09995210456268844,test
2008,45,18041,49986,49,553,2,0.0027160356964691535,0.030652402860151876,0.3505716678991222,0.3626735168626678,0.06666668629945086,0.5827616458014265,0.06649861961349178,0.5810026807506101,0.0032209018525187053,0.3492777977833793,0.10239666677522807,test
2008,46,17437,49986,34,499,0,0.0019498766989734472,0.028617308023169124,0.33985567896810015,0.3505716678991222,0.0673502578260076,0.5927940632058919,0.06717881006681871,0.5909854759332613,0.0032209018525187053,0.3386148121474013,0.10414688259960392,test
2008,47,16904,49986,44,512,2,0.002602934216753431,0.03028868906767629,0.3286772740044073,0.33985567896810015,0.06823487980155163,0.6030878461940404,0.06805905653583003,0.6012283439363022,0.0032609130556555837,0.32745168647221223,0.10647872933207025,test
2008,48,16347,49986,46,515,3,0.0028139719826267818,0.031504251544625925,0.317397653846796,0.3286772740044073,0.06915976844192617,0.6134425777112772,0.06897931420797823,0.6115312287440483,0.0033209298603609013,0.31616852718761257,0.10899307315361084,test
2008,49,15783,49986,42,527,1,0.002661091047329405,0.03339035671291896,0.30595500890991284,0.317397653846796,0.07000439249702124,0.6240405985930653,0.06981954947385267,0.6220741807706158,0.00334093546192934,0.3047653342936022,0.11136412370975024,test
2008,50,15213,49986,42,530,2,0.0027607966870439754,0.03483862486031684,0.2944512775553825,0.30595500890991284,0.07084907207200423,0.6346996503726127,0.07065978473972713,0.6326771496018885,0.0033809466650662184,0.29328211899331813,0.11381746669300075,test
2008,51,14639,49986,29,521,0,0.001981009631805451,0.035589862695539314,0.2833884861997256,0.2944512775553825,0.07143238288893887,0.6451791309113348,0.07123994718521186,0.6431000680190453,0.0033809466650662184,0.28227903813067656,0.11557300282701966,test
2008,52,14089,49986,37,497,2,0.002626162254240897,0.035275747036695296,0.27264752150168786,0.2833884861997256,0.07217660703468305,0.6551758714636283,0.07198015444324411,0.6530428519985596,0.0034209578682030967,0.2715560356899932,0.11789565162362703,test
2008,53,13553,49986,32,510,2,0.002361100863277503,0.037630045008485206,0.2617440346977393,0.27264752150168786,0.07282035533307116,0.6654356099691888,0.07262033369343417,0.6632457087984636,0.003460969071339975,0.26067298843676234,0.11997838896207924,test
2008,54,13009,49986,24,492,1,0.0018448766238757784,0.037819970789453455,0.25136199750010435,0.2617440346977393,0.07330324078412395,0.675334761715771,0.0731004681310767,0.6730884647701356,0.0034809746729084143,0.2503300924258792,0.12160192026078864,test
2008,55,12492,49986,30,476,1,0.0024015369836695487,0.03810438680755684,0.2411803475853547,0.25136199750010435,0.07390689591740951,0.6849127564972352,0.07370063617812987,0.6826111311167127,0.0035009802744768535,0.24018725243068062,0.12371142573566662,test
2008,56,11985,49986,23,467,1,0.0019190654985398415,0.03896537338339591,0.23131982440497725,0.2411803475853547,0.07436973680138641,0.6943104387936357,0.07416076501420397,0.6919537470491738,0.0035209858760452926,0.23036450206057701,0.125393080905302,test
2008,57,11494,49986,30,433,3,0.0026100574212632676,0.03767182878023317,0.22200182556214582,0.23131982440497725,0.07497349482575993,0.7030246796120937,0.07476093306125715,0.7006161725283079,0.00358100268075061,0.22104189172968436,0.12767585518517333,test
2008,58,11028,49986,30,413,2,0.002720348204570185,0.03745012694958288,0.213083906744225,0.22200182556214582,0.07557741709333922,0.7113386761624352,0.07536110110831033,0.7088784859760733,0.0036210138838874886,0.21213939903172885,0.13004888060632358,test
2008,59,10583,49986,22,411,0,0.0020788056316734384,0.038835868846262875,0.2043656480632981,0.213083906744225,0.0760203771186981,0.7196139748180033,0.07580122434281598,0.7171007882207018,0.0036210138838874886,0.20347697355259475,0.13185733989259973,test
2008,60,10150,49986,24,380,1,0.0023645320197044333,0.0374384236453202,0.19623129123398061,0.2043656480632981,0.07650360623727141,0.7272651025287474,0.07628135878045852,0.7247029168167087,0.0036410194854559277,0.19537470491737685,0.1339100910100951,test
2008,61,9745,49986,20,338,1,0.002052334530528476,0.03468445356593124,0.1890223838700232,0.19623129123398061,0.0769063384922411,0.7340712776377352,0.07668147081182732,0.7314648101468411,0.003661025087024367,0.18819269395430716,0.1356875972368573,test
2008,62,9386,49986,22,280,2,0.002343916471340294,0.02983166418069465,0.18294047891277337,0.1890223838700232,0.07734939117124605,0.7397101299159801,0.07712159404633297,0.7370663785860041,0.0037010362901612453,0.18211099107750173,0.13771347331407746,test
2008,63,9082,49986,25,259,0,0.002752697643690817,0.028517947588636863,0.17721981209805998,0.18294047891277337,0.07785297099648492,0.7449272169054546,0.07762173408554396,0.7422478293922298,0.0037010362901612453,0.176429400232065,0.14008708740427223,test
2008,64,8798,49986,18,216,3,0.0020459195271652648,0.024551034325983177,0.17250630493382424,0.17721981209805998,0.0782155484706569,0.7492781465955184,0.07798183491377586,0.7465690393310127,0.003761053094866563,0.17168807266034491,0.14184640002381343,test
2008,65,8561,49986,14,179,0,0.001635322976287817,0.020908772339679943,0.1686173063527907,0.17250630493382424,0.0784976519946697,0.7528850416525391,0.07826191333573401,0.7501500420117633,0.003761053094866563,0.16782699155763614,0.14324975832303855,test
2008,66,8368,49986,19,203,1,0.0022705544933078396,0.02425908221797323,0.16414395047201638,0.1686173063527907,0.07888050677725848,0.7569755427507247,0.07864201976553435,0.7542111791301565,0.003781058696435002,0.16336574240787416,0.14519505643392072,test
2008,67,8145,49986,16,144,0,0.0019643953345610805,0.017679558011049725,0.16091951436697985,0.16414395047201638,0.07920295038776214,0.7598775352452576,0.07896210939062938,0.7570919857560117,0.003781058696435002,0.16016484615692395,0.1468742312770217,test
2008,68,7985,49986,16,141,0,0.0020037570444583594,0.017658108954289292,0.15775553643891274,0.16091951436697985,0.07952539399826579,0.762719069562821,0.0792821990157244,0.7599127755771616,0.003781058696435002,0.15702396671067897,0.14858368804590927,test
2008,69,7828,49986,14,160,0,0.0017884517118037812,0.020439448134900357,0.1542489621746855,0.15775553643891274,0.07980753215745649,0.7659435056678575,0.07956227743768256,0.7631136718281119,0.003781058696435002,0.15354299203777055,0.1501064050064812,test
2008,70,7654,49986,21,147,0,0.0027436634439508755,0.019205644107656128,0.15086330426439715,0.1542489621746855,0.08023073939624253,0.7689059563393599,0.07998239507061977,0.7660544952586724,0.003781058696435002,0.15018205097427284,0.15243822699431286,test
2008,71,7487,49986,17,124,0,0.002270602377454254,0.016562040870842794,0.14802214947592646,0.15086330426439715,0.08057328997357588,0.7714045605504972,0.08032249029728324,0.7685351898531589,0.003781058696435002,0.14736126115312287,0.15436270277113895,test
2008,72,7346,49986,14,140,0,0.0019057990743261638,0.01905799074326164,0.14491904424596555,0.14802214947592646,0.08085539044902687,0.7742255653050071,0.08060256871924139,0.7713359740727403,0.003781058696435002,0.14428039851158325,0.15597431754941338,test
2008,73,7192,49986,19,123,0,0.0026418242491657398,0.01710233592880979,0.14205773942353409,0.14491904424596555,0.08123824109428178,0.7767040194821836,0.08098267514904173,0.7737966630656584,0.003781058696435002,0.14143960308886483,0.15820408506423,test
2008,74,7050,49986,11,145,0,0.0015602836879432625,0.02056737588652482,0.13891433412565163,0.14205773942353409,0.08145989146785042,0.7796257744064974,0.08120273676629457,0.7766974752930821,0.003781058696435002,0.13831872924418842,0.15951752549888154,test
2008,75,6894,49986,13,133,0,0.0018856977081520162,0.019292138091093706,0.135972429167377,0.13891433412565163,0.08172184190934062,0.7823057289232818,0.08146280958668427,0.7793582203016844,0.003781058696435002,0.1353979114151963,0.16110242137479025,test
2008,76,6748,49986,6,128,1,0.0008891523414344991,0.01896858328393598,0.13327232461663183,0.135972429167377,0.08184274211310533,0.7848849332702622,0.0815828431960949,0.7819189373024447,0.0038010642980034408,0.13269715520345693,0.16184832912104863,test
2008,77,6613,49986,2,103,0,0.00030243459851807047,0.01557538182368063,0.13115625111220927,0.13327232461663183,0.08188304827509432,0.7869607006126957,0.08162285439923178,0.7839795142639939,0.0038010642980034408,0.13059656703877087,0.16210181518512812,test
2008,78,6508,49986,13,132,1,0.001997541487400123,0.020282728948985862,0.1282340543680067,0.13115625111220927,0.08214503832802283,0.7896209073039698,0.0818829272196215,0.7866202536710278,0.00382106989957188,0.12767574920977875,0.16377555157151313,test
2008,79,6362,49986,9,112,2,0.0014146494812951901,0.017604526878340146,0.12579514827267055,0.1282340543680067,0.08232644456651893,0.79187840716081,0.08206297763373745,0.788860881046693,0.0038610811027087583,0.12521506021686069,0.1649585160537287,test
2008,80,6239,49986,13,111,0,0.002083667254367687,0.017791312710370252,0.12329497222108998,0.12579514827267055,0.08258855979773302,0.7941164679811765,0.08232305045412716,0.7910815028207898,0.0038610811027087583,0.12273436562237428,0.16669846464986615,test
2008,81,6115,49986,13,94,0,0.002125919869174162,0.015372035977105479,0.12113756224109708,0.12329497222108998,0.08285067502894712,0.7960117627299553,0.08258312327451686,0.7929620293682231,0.0038610811027087583,0.12059376625455132,0.16846999694088038,test
2008,82,6008,49986,11,92,0,0.0018308921438082556,0.015312916111850865,0.11906080310147774,0.12113756224109708,0.08307246483997444,0.7978667320585474,0.0828031848917697,0.7948025447125195,0.0038610811027087583,0.11853318929300205,0.16999243869082215,test
2008,83,5905,49986,5,125,0,0.000846740050804403,0.021168501270110076,0.11643965078933682,0.11906080310147774,0.08317327839044139,0.8003870708202214,0.08290321289961189,0.7973032449085744,0.0038610811027087583,0.11593246108910493,0.17069523933545316,test
2008,84,5775,49986,6,113,0,0.001038961038961039,0.019567099567099566,0.11404028828822321,0.11643965078933682,0.08329425465100174,0.8026654570607746,0.08302324650902253,0.7995638778858081,0.0038610811027087583,0.11355179450246067,0.17155685467120851,test
2008,85,5656,49986,7,115,0,0.0012376237623762376,0.020332390381895334,0.11158043765682943,0.11404028828822321,0.08343539362165547,0.8049841687215147,0.0831632857200016,0.8018645220661785,0.0038610811027087583,0.11111111111111116,0.1725821555936451,test
2008,86,5536,49986,9,105,0,0.0016257225433526012,0.018966763005780346,0.10928271910681524,0.11158043765682943,0.08361679245455134,0.807100488438633,0.08334333613411755,0.8039651102308646,0.0038610811027087583,0.10883047253230904,0.17392730743606866,test
2008,87,5422,49986,6,85,0,0.0011066027296200663,0.01567687200295094,0.10744857535197935,0.10928271910681524,0.08373772500981524,0.808813699638205,0.08346336974352819,0.805665586364182,0.0038610811027087583,0.10700996278958108,0.17484144173252447,test
2008,88,5331,49986,9,82,1,0.0016882386043894203,0.015381729506659163,0.10561443159714347,0.10744857535197935,0.08391912384271111,0.810466444560145,0.08364342015764414,0.807306045692794,0.0038810867042771975,0.10516944744528467,0.17623450626533388,test
2008,89,5239,49986,11,101,0,0.0020996373353693453,0.019278488261118533,0.10335659301365806,0.10561443159714347,0.08414087584644628,0.8125025311398952,0.08386348177489697,0.8093266114512063,0.0038810867042771975,0.10292882006961945,0.17796411505156817,test
2008,90,5127,49986,6,95,0,0.0011702750146284377,0.018529354398283595,0.10132050643390782,0.10335659301365806,0.08426183148484728,0.8144176620812444,0.08398351538430761,0.8112271436002081,0.0038810867042771975,0.10090825431120709,0.17892612310885125,test
2008,91,5026,49986,10,82,0,0.0019896538002387586,0.01631516116195782,0.09946585331175908,0.10132050643390782,0.08446342421551563,0.8160707224727248,0.084183571399992,0.8128676029288201,0.0038810867042771975,0.09906773896691079,0.18055977586828453,test
2008,92,4934,49986,8,75,0,0.0016214025131738954,0.015200648561005269,0.09779263364721187,0.09946585331175908,0.0846246984000503,0.8175826679527374,0.08434361621253951,0.8143680230464531,0.0038810867042771975,0.09740727403673033,0.18188841830708746,test
2008,93,4851,49986,7,70,0,0.001443001443001443,0.01443001443001443,0.09624036962106565,0.09779263364721187,0.08476581331151814,0.8189938170674158,0.08448365542351859,0.8157684151562438,0.0038810867042771975,0.09586684271596047,0.1830689545000066,test
2008,94,4775,49986,6,94,0,0.001256544502617801,0.01968586387434555,0.09422486449811139,0.09624036962106565,0.0848867436188954,0.8208883918829928,0.08460368903292922,0.8176489417036771,0.0038810867042771975,0.09386628255911655,0.18409546471424743,test
2008,95,4675,49986,6,53,0,0.0012834224598930481,0.011336898395721925,0.09303571647556835,0.09422486449811139,0.08500767392627263,0.8219566095981585,0.08472372264233985,0.8187092385868043,0.0038810867042771975,0.09268595206657859,0.18514261491996198,test
2008,96,4616,49986,2,79,0,0.0004332755632582322,0.017114384748700175,0.09140315732597541,0.09303571647556835,0.08504798402873172,0.8235488586452924,0.08476373384547674,0.820289681110711,0.0038810867042771975,0.09106549833953503,0.1854956727124577,test
2008,97,4535,49986,6,60,0,0.001323042998897464,0.013230429988974642,0.0900729239448256,0.09140315732597541,0.08516891433610897,0.8247581617190649,0.08488376745488736,0.8214900172048174,0.0038810867042771975,0.08974512863601813,0.18657329696024727,test
2008,98,4469,49986,5,81,0,0.0011188185276348177,0.018124860147684045,0.08833958953908495,0.0900729239448256,0.08526968959225668,0.8263907208686578,0.08498379546272956,0.823110470931861,0.0038810867042771975,0.08802464690113232,0.18748337382648106,test
2008,99,4383,49986,4,74,0,0.0009126169290440338,0.016883413187314626,0.08676749554318064,0.08833958953908495,0.08535030979717485,0.827882194659644,0.08506381786900333,0.8245908854479255,0.0038810867042771975,0.08646420997879412,0.18822489025465672,test
2008,100,4305,49986,3,63,0,0.0006968641114982578,0.014634146341463415,0.08543726216203083,0.08676749554318064,0.08541077495086348,0.8291519628871051,0.08512383467370864,0.8258512383467371,0.0038810867042771975,0.0851438402752771,0.18879058719524577,test
2008,101,4239,49986,11,84,0,0.0025949516395376267,0.019815994338287332,0.0835225322952243,0.08543726216203083,0.08563248051438845,0.8308449871903867,0.08534389629096147,0.8275317088784859,0.0038810867042771975,0.08324330812627534,0.1908956363910118,test
2008,102,4144,49986,6,78,0,0.0014478764478764478,0.018822393822393823,0.08182950799194272,0.0835225322952243,0.0857534108217657,0.832417081186291,0.0854639299003721,0.8290921458008242,0.0038810867042771975,0.08156283759452643,0.1920671195429553,test
2008,103,4060,49986,8,58,0,0.0019704433497536944,0.014285714285714285,0.08049927461079291,0.08182950799194272,0.08591465123160204,0.8335860741576044,0.08562397471291962,0.8302524706917938,0.0038810867042771975,0.08024246789100953,0.1936591055142992,test
2008,104,3994,49986,16,53,0,0.00400600901352028,0.013269904857285929,0.07910857607595446,0.08049927461079291,0.08623713205127471,0.8346542918727702,0.08594406433801464,0.831312767574921,0.0038810867042771975,0.07886208138278716,0.196889314405579,test
2008,105,3926,49986,8,60,0,0.0020376974019358125,0.015282730514518594,0.07773838168645755,0.07910857607595446,0.08639833139121553,0.8358632869223263,0.08610410915056216,0.8325131036690273,0.0038810867042771975,0.07750170047613336,0.19852581096308164,test
2008,106,3860,49986,4,52,0,0.0010362694300518134,0.013471502590673576,0.07661057096769029,0.07773838168645755,0.08647888929969891,0.8369105397326101,0.08618413155683591,0.8335533949505861,0.0038810867042771975,0.07638138678830075,0.1993563541641562,test
2008,107,3805,49986,7,62,0,0.0018396846254927727,0.016294349540078842,0.07522131225631826,0.07661057096769029,0.08661982858925839,0.8381588591544227,0.08632417076781498,0.8347937422478294,0.0038810867042771975,0.07500100028007839,0.2008292859698989,test
2008,108,3737,49986,4,54,1,0.0010703773080010704,0.014450093658014451,0.07405384206341849,0.07522131225631826,0.08670034377497561,0.8392458141616053,0.08640419317408875,0.8358740447325251,0.0039010923058456367,0.07382066978754054,0.2016847001674158,test
2008,109,3679,49986,6,48,0,0.0016308779559662953,0.013047023647730362,0.07296688705623594,0.07405384206341849,0.08682111655355144,0.8402119963902119,0.08652422678349939,0.8368343136078101,0.0039010923058456367,0.07274036730284483,0.20298665499182333,test
2008,110,3626,49986,4,43,0,0.0011031439602868175,0.011858797573083288,0.072021094532341,0.07296688705623594,0.08690160953430846,0.8410772959333499,0.08660424918977314,0.8376945544752531,0.0039010923058456367,0.07180010402912818,0.20386587544963708,test
2008,111,3579,49986,6,43,0,0.0016764459346186086,0.012014529198100027,0.07103505551806752,0.072021094532341,0.087022349005444,0.841942595476488,0.08672428279918377,0.838554795342696,0.0039010923058456367,0.07081982955227462,0.20520055126615044,test
2008,112,3533,49986,7,38,0,0.0019813189923577695,0.01075573167279932,0.07013027841693165,0.07103505551806752,0.08716309211006514,0.8427066294730027,0.08686432201016285,0.8393150082022967,0.0039010923058456367,0.06991957748169486,0.2067753025090423,test
2008,113,3489,49986,5,50,0,0.0014330753797649756,0.014330753797649757,0.0690247566878026,0.07013027841693165,0.0872635940854405,0.8437116492267563,0.08696435001800504,0.8403152882807186,0.0039010923058456367,0.0688192693954307,0.20791205329363815,test
2008,114,3435,49986,4,36,0,0.0011644832605531296,0.010480349344978166,0.0682209749505356,0.0690247566878026,0.08734397225916721,0.8444350527902966,0.0870443724242788,0.8410354899371824,0.0039010923058456367,0.0680190453326932,0.20883442644846362,test
2008,115,3397,49986,8,51,0,0.0023550191345304682,0.015013246982631734,0.06703609490282243,0.0682209749505356,0.08750463396055204,0.845459271136625,0.08720441723682631,0.8420557756171728,0.0039010923058456367,0.06683871484015524,0.2106976365127593,test
2008,116,3338,49986,4,38,0,0.0011983223487118035,0.011384062312762133,0.06619262097055205,0.06703609490282243,0.08758496481124446,0.846222414218203,0.08728443964310006,0.8428159884767735,0.0039010923058456367,0.06599847957428084,0.21164347517481708,test
2008,117,3296,49986,5,32,0,0.001516990291262136,0.009708737864077669,0.06544956060164718,0.06619262097055205,0.08768537837460999,0.8468650610237424,0.08738446765094227,0.8434561677269635,0.0039010923058456367,0.06525827231624859,0.21283940436903004,test
2008,118,3260,49986,4,33,0,0.001226993865030675,0.010122699386503068,0.06470672816537082,0.06544956060164718,0.08776568458393716,0.8475275872506915,0.08746449005721602,0.8441163525787221,0.0039010923058456367,0.06451806505821633,0.21380524559066316,test
2008,119,3223,49986,7,59,0,0.0021718895439031957,0.018305926155755506,0.06338167571147243,0.06470672816537082,0.08790622045025971,0.8487121038382673,0.08760452926819509,0.8452966830712599,0.0039010923058456367,0.06319769535469932,0.21551277375723632,test
2008,120,3159,49986,5,47,0,0.0015827793605571383,0.014878125989237101,0.062338355946674535,0.06338167571147243,0.08800653965841336,0.8496551043949115,0.08770455727603729,0.8462369463449766,0.0039010923058456367,0.06215740407314052,0.21675444394755417,test
